"Key","GivenName","Surname","Title","Department","Company","Manager","Status","State","Group","Roles","BadgeId","Contractor","CostCenter","Tier","Purpose","DisplayName","EmployeeId","Phone","Locale","Mfa"
"awhitfield","Ada","Whitfield","Chief Executive","Executive","","","Active","Approved","seattle-hq","all-staff","B-1001","FALSE","CC-100","Core","Top of every manager chain","Ada Whitfield","EMP-C001","(206) 555-0101","","Email"
"jnino","José","Niño","Principal Engineer","Engineering","","awhitfield","Active","Approved","seattle-hq","all-staff;engineering","B-1002","FALSE","CC-200","Core","Accented name with an ASCII username, managing most of the writing-system cohort","José Niño","EMP-C002","(206) 555-0102","",""
"zmueller","Zoë","Müller","Staff Engineer","Engineering","","jnino","PasswordExpired","Approved","seattle-hq","all-staff;engineering","B-1003","FALSE","CC-200","Core","Accented name, and a password that has expired while every role stays in place","Zoë Müller","EMP-C003","(206) 555-0103","",""
"mbell","Marcus","Bell","Sales Director","Sales","","awhitfield","Suspended","Approved","us-regional","all-staff","B-1004","FALSE","CC-300","Core","Suspended but still holding All Staff and still the manager of two people; the half-finished offboarding","Marcus Bell","EMP-C004","(206) 555-0104","",""
"praghunathan","Priya","Raghunathan","Financial Controller","Finance","","awhitfield","Active","Approved","seattle-hq","all-staff;finance","B-1005","FALSE","CC-400","Core","The only member of Finance the data names, and the only person the payroll app was meant for","Priya Raghunathan","EMP-C005","(206) 555-0105","","Email"
"talvarez","Tomás","Álvarez","Systems Architect","IT","","jnino","Active","Approved","new-york","all-staff;engineering","B-1006","FALSE","CC-200","Core","In Engineering by role and IT by department, and the manager of the contractors","Tomás Álvarez","EMP-C006","(206) 555-0106","","Email"
"hkobayashi","花","小林","Security Consultant","Contractors","Northwind Staffing","talvarez","Active","Approved","remote","contractors","C-2001","TRUE","CC-900","Core","Kanji name, a contractor managed by an employee, and no part of All Staff","小林 花","EMP-C007","(206) 555-0107","ja",""
"ofitzgerald","Owen","Fitzgerald","UX Contractor","Contractors","Northwind Staffing","talvarez","Locked","Approved","remote","contractors","","FALSE","","Core","Locked out for a year and still holding the Contractors role; no badge, no cost center, and a contractor field that says false","Owen Fitzgerald","EMP-C008","(206) 555-0108","",""
"nsorensen","Nadia","Sørensen","People Partner","Human Resources","","awhitfield","AwaitingPasswordReset","Approved","london","all-staff","B-1009","FALSE","CC-500","Core","A stroked o, and a password reset she has been asked for and not done","Nadia Sørensen","EMP-C009","(206) 555-0109","",""
"svcreporting","Reporting","Service","Service Account","IT","","","Active","Unlicensed","","","S-9001","FALSE","CC-200","Core","A non-human account, unlicensed, in no group and no role, which must never be mistaken for the API credential","Reporting Service","EMP-C010","(206) 555-0110","",""
"pmorel","Pascale","Morel","Partner Analyst","Partners","Fabrikam Partners","","PasswordPending","Rejected","","","P-3001","TRUE","CC-900","Core","Rejected by an administrator and never given a password; present, visible, and unable to do anything. In no group, because OneLogin drops a rejected person's group as it drops her roles","Pascale Morel","EMP-C011","(206) 555-0111","",""
"lpetit","Léa","Petit","Partner Consultant","Partners","Fabrikam Partners","","Active","Unlicensed","london","","P-3002","TRUE","CC-900","Core","Active and unlicensed, which reads as able to sign in to anything that checks status alone","Léa Petit","EMP-C012","(206) 555-0112","",""
"jjiang","俊誉","姜","Site Reliability Engineer","Engineering","","jnino","Active","Unlicensed","seattle-hq","","B-1021","FALSE","CC-200","Core","Han name, family name first, joined by an ideographic space that is not U+0020","姜　俊誉","EMP-C013","(206) 555-0113","",""
"tyoshida","太郎","𠮷田","Build Engineer","Engineering","","jnino","Active","Unlicensed","seattle-hq","","B-1022","FALSE","CC-200","Core","A surname above the basic plane, so one character is two UTF-16 units and truncation splits it","𠮷田 太郎","EMP-C014","(206) 555-0114","",""
"dvolkov","Дмитрий","Волков","Infrastructure Engineer","IT","","talvarez","Active","Unlicensed","new-york","","B-1023","FALSE","CC-200","Core","Cyrillic homoglyphs, which a duplicate check made by eye cannot tell from Latin","Дмитрий Волков","EMP-C015","(206) 555-0115","",""
"gpapadopoulos","Γιώργος","Παπαδόπουλος","Financial Analyst","Finance","","praghunathan","Active","Approved","seattle-hq","all-staff","B-1024","FALSE","CC-400","Core","Greek final sigma, and in Finance by department but not by role, until the enabled mapping puts him there","Γιώργος Παπαδόπουλος","EMP-C016","(206) 555-0116","",""
"malahmad","محمد","الأحمد","Network Engineer","IT","","talvarez","Active","Unlicensed","seattle-hq","","B-1025","FALSE","CC-200","Core","Right-to-left, stored in one order and displayed in another wherever it is joined to a Latin username","محمد الأحمد","EMP-C017","(206) 555-0117","",""
"jmarchetti","José","Marchetti","Campaign Manager","Marketing","","mbell","Active","Unlicensed","seattle-hq","","B-1026","FALSE","CC-600","Core","The same José the eye reads on jnino and a different string to every comparison, because this one is stored decomposed; and reports to a suspended manager","José Marchetti","EMP-C018","(206) 555-0118","",""
"iisik","Irmak","Işık","HR Advisor","Human Resources","","nsorensen","Active","Unlicensed","london","","B-1027","FALSE","CC-500","Core","Turkish dotted and dotless i, which lower-case differently under a Turkish culture","Irmak Işık","EMP-C019","(206) 555-0119","tr-TR",""
"jweiss","Jürgen","Weiß","Account Executive","Sales","","mbell","Active","Unlicensed","us-regional","","B-1028","FALSE","CC-300","Core","An eszett, which upper-cases into two characters, and a second report of the suspended manager","Jürgen Weiß","EMP-C020","(206) 555-0120","de",""
"schaudhary","सुनीता","चौधरी","Data Engineer","Engineering","","jnino","Active","Unlicensed","seattle-hq","","B-1029","FALSE","CC-200","Core","Devanagari combining vowel signs, so character count and visible marks are different numbers","सुनीता चौधरी","EMP-C021","(206) 555-0121","",""
"danj","Dan","Jump","CEO","Executive","","awhitfield","Active","Unlicensed","seattle-hq","","B-3001","FALSE","CC-803","Bulk","Bulk directory volume (Executive)","Dan Jump","EMP001","(206) 555-0163","",""
"adamb","Adam","Barr","General Manager of Professional Services","Operations","","danj","Active","Unlicensed","seattle-hq","","B-3002","FALSE","CC-793","Bulk","Bulk directory volume (Operations)","Adam Barr","EMP002","(206) 555-0132","",""
"frankm1","Frank","Martinez","COO","Executive","","danj","Active","Unlicensed","seattle-hq","","B-3003","FALSE","CC-803","Bulk","Bulk directory volume (Executive)","Frank Martinez","EMP007","(206) 555-0103","",""
"jimd","Jim","Daly","CFO","Executive","","danj","Active","Unlicensed","seattle-hq","","B-3004","FALSE","CC-803","Bulk","Bulk directory volume (Executive)","Jim Daly","EMP190","(206) 555-0173","",""
"sanjays","Sanjay","Shah","Chief of Technical Strategy","Executive","","danj","Active","Unlicensed","seattle-hq","","B-3005","FALSE","CC-803","Bulk","Bulk directory volume (Executive)","Sanjay Shah","EMP188","(206) 555-0136","",""
"tonip","Toni","Poe","Chief of Partnerships and Strategy","Executive","","danj","Active","Unlicensed","seattle-hq","","B-3006","FALSE","CC-803","Bulk","Bulk directory volume (Executive)","Toni Poe","EMP189","(206) 555-0130","",""
"alans","Alan","Steiner","Director of Project Management Team","Project Management","","adamb","Active","Unlicensed","seattle-hq","","B-3007","FALSE","CC-780","Bulk","Bulk directory volume (Project Management)","Alan Steiner","EMP003","(206) 555-0150","",""
"bens","Ben","Spain","Manager","Operations","","adamb","Active","Unlicensed","seattle-hq","","B-3008","FALSE","CC-793","Bulk","Bulk directory volume (Operations)","Ben Spain","EMP044","(206) 555-0100","",""
"cassieh","Cassie","Hicks","Director of Client Services","Senior Management","","adamb","Active","Unlicensed","seattle-hq","","B-3009","FALSE","CC-899","Bulk","Bulk directory volume (Senior Management)","Cassie Hicks","EMP183","(206) 555-0137","",""
"christk","Christine","Koch","Managing Director","Engineering","","adamb","PasswordPending","Unlicensed","seattle-hq","","B-3010","FALSE","CC-830","Bulk","Bulk directory volume (Engineering)","Christine Koch","EMP006","(206) 555-0186","",""
"danp","Dan","Park","Vice President NA Sales","Sales","","adamb","Active","Unlicensed","us-regional","","B-3011","FALSE","CC-817","Bulk","Bulk directory volume (Sales)","Dan Park","EMP009","(206) 555-0112","",""
"davidz","David","Zazzo","Managing Director","Engineering Operations","","adamb","Active","Unlicensed","seattle-hq","","B-3012","FALSE","CC-745","Bulk","Bulk directory volume (Engineering Operations)","David Zazzo","EMP045","(206) 555-0117","",""
"dianet","Diane","Tibbot","CFO of Professional Services","Operations","","adamb","Active","Unlicensed","seattle-hq","","B-3013","FALSE","CC-793","Bulk","Bulk directory volume (Operations)","Diane Tibbot","EMP005","(206) 555-0152","",""
"jeffh","Jeff","Hay","CVP of Operations","Executive","","frankm1","Active","Unlicensed","seattle-hq","","B-3014","FALSE","CC-803","Bulk","Bulk directory volume (Executive)","Jeff Hay","EMP010","(206) 555-0116","",""
"keithd","Keith","Dishmo","Procurement Manager","Operations","","adamb","Active","Unlicensed","seattle-hq","","B-3015","FALSE","CC-793","Bulk","Bulk directory volume (Operations)","Keith Dishmo","EMP039","(206) 555-0113","",""
"kellyk","Kelly","Krout","Marketing Manager","Marketing","","adamb","Active","Unlicensed","seattle-hq","","B-3016","FALSE","CC-897","Bulk","Bulk directory volume (Marketing)","Kelly Krout","EMP035","(206) 555-0114","",""
"kellyw","Kelly","Weadock","CTO of Professional Services","Operations","","adamb","Active","Unlicensed","seattle-hq","","B-3017","FALSE","CC-793","Bulk","Bulk directory volume (Operations)","Kelly Weadock","EMP021","(206) 555-0124","",""
"aaronp","Aaron","Painter","Strategy Consulting Manager","Strategy Consulting","","christk","PasswordPending","Unlicensed","new-york","","B-3018","FALSE","CC-761","Bulk","Bulk directory volume (Strategy Consulting)","Aaron Painter","EMP026","(206) 555-0180","",""
"amiliag","Ämilia","Groß","Quality Engineer","Engineering","","christk","Active","Unlicensed","seattle-hq","","B-3019","FALSE","CC-830","Bulk","Bulk directory volume (Engineering)","Ämilia Groß","EMP308","(206) 555-0105","",""
"andrewm","Andrew","Ma","Senior Project Manager","Project Management","","alans","Active","Unlicensed","seattle-hq","","B-3020","FALSE","CC-780","Bulk","Bulk directory volume (Project Management)","Andrew Ma","EMP027","(206) 555-0108","",""
"arturol","Arturo","Lopez","IT Director","Operations","","kellyw","Active","Unlicensed","seattle-hq","","B-3021","FALSE","CC-793","Bulk","Bulk directory volume (Operations)","Arturo Lopez","EMP024","(206) 555-0143","",""
"barryj","Barry","Johnson","Project Manager","Project Management","","alans","Active","Unlicensed","seattle-hq","","B-3022","FALSE","CC-780","Bulk","Bulk directory volume (Project Management)","Barry Johnson","EMP042","(206) 555-0116","",""
"brads","Brad","Sutton","Strategy Consulting Manager","Strategy Consulting","","christk","Active","Unlicensed","new-york","","B-3023","FALSE","CC-761","Bulk","Bulk directory volume (Strategy Consulting)","Brad Sutton","EMP030","(206) 555-0140","",""
"brianc","Brian","Cox","Procurement Manager","Operations","","keithd","Active","Unlicensed","seattle-hq","","B-3024","FALSE","CC-793","Bulk","Bulk directory volume (Operations)","Brian Cox","EMP260","(206) 555-0179","",""
"carolt","Carol","Troup","Strategy Consulting Manager","Engineering Operations","","davidz","Active","Unlicensed","seattle-hq","","B-3025","FALSE","CC-745","Bulk","Bulk directory volume (Engineering Operations)","Carol Troup","EMP046","(206) 555-0125","",""
"cesarg","Cesar","Garcia","Strategy Consulting Manager","Strategy Consulting","","christk","Active","Unlicensed","new-york","","B-3026","FALSE","CC-761","Bulk","Bulk directory volume (Strategy Consulting)","Cesar Garcia","EMP012","(206) 555-0125","",""
"chrisj","Chris","Johnson","Marketing Specialist","Marketing","","kellyk","Active","Unlicensed","seattle-hq","","B-3027","FALSE","CC-897","Bulk","Bulk directory volume (Marketing)","Chris Johnson","EMP268","(206) 555-0120","",""
"chrisn","Chris","Norred","Project Manager","Project Management","","alans","Active","Unlicensed","seattle-hq","","B-3028","FALSE","CC-780","Bulk","Bulk directory volume (Project Management)","Chris Norred","EMP004","(206) 555-0179","",""
"christg","Christa","Geller","CVP of Online","Executive","","jeffh","Active","Unlicensed","seattle-hq","","B-3029","FALSE","CC-803","Bulk","Bulk directory volume (Executive)","Christa Geller","EMP013","(206) 555-0125","",""
"christj","Christian","Jene","Marketing Specialist","Marketing","","kellyk","PasswordExpired","Unlicensed","seattle-hq","","B-3030","FALSE","CC-897","Bulk","Bulk directory volume (Marketing)","Christian Jene","EMP255","(206) 555-0193","",""
"davidb1","David","Bradley","Manager","Operations","","bens","PasswordPending","Unlicensed","seattle-hq","","B-3031","FALSE","CC-793","Bulk","Bulk directory volume (Operations)","David Bradley","EMP247","(206) 555-0184","",""
"davidm","David","Maman","Strategy Consulting Manager","Strategy Consulting","","christk","Active","Unlicensed","new-york","","B-3032","FALSE","CC-761","Bulk","Bulk directory volume (Strategy Consulting)","David Maman","EMP015","(206) 555-0119","",""
"ellena","Ellen","Adams","Strategy Consulting Manager","Strategy Consulting","","christk","Active","Unlicensed","new-york","","B-3033","FALSE","CC-761","Bulk","Bulk directory volume (Strategy Consulting)","Ellen Adams","EMP043","(206) 555-0109","",""
"erikac","Erika","Cheley","Manager","Operations","","bens","Active","Unlicensed","seattle-hq","","B-3034","FALSE","CC-793","Bulk","Bulk directory volume (Operations)","Erika Cheley","EMP047","(206) 555-0103","",""
"felipem","Felipe","Martins","Marketing Specialist","Marketing","","kellyk","Active","Unlicensed","seattle-hq","","B-3035","FALSE","CC-897","Bulk","Bulk directory volume (Marketing)","Felipe Martins","EMP256","(206) 555-0128","",""
"gregw","Greg","Winston","President of Management","Senior Management","","jeffh","Active","Unlicensed","seattle-hq","","B-3036","FALSE","CC-899","Bulk","Bulk directory volume (Senior Management)","Greg Winston","EMP187","(206) 555-0178","",""
"hansg","Hans","Gufler","Manager","Operations","","bens","Active","Unlicensed","seattle-hq","","B-3037","FALSE","CC-793","Bulk","Bulk directory volume (Operations)","Hans Gufler","EMP246","(206) 555-0173","",""
"jackc","Jack","Creasey","Managing Director","Sales Engagement Management","","danp","PasswordExpired","Unlicensed","seattle-hq","","B-3038","FALSE","CC-876","Bulk","Bulk directory volume (Sales Engagement Management)","Jack Creasey","EMP014","(206) 555-0192","",""
"jamesw2","James","Wilson","Marketing Intern","Marketing","","kellyk","Active","Unlicensed","seattle-hq","","B-3039","FALSE","CC-897","Bulk","Bulk directory volume (Marketing)","James Wilson","INT002","(206) 555-0156","",""
"jellev","Jelle","Visser","Procurement Manager","Operations","","keithd","AwaitingPasswordReset","Unlicensed","seattle-hq","","B-3040","FALSE","CC-793","Bulk","Bulk directory volume (Operations)","Jelle Visser","EMP212","(206) 555-0198","",""
"jenniferw","Jennifer","Williams","Former Marketing Coordinator","Marketing","","kellyk","Suspended","Unlicensed","seattle-hq","","B-3041","FALSE","CC-897","Bulk","Bulk directory volume (Marketing)","Jennifer Williams","EMP275","(206) 555-0186","",""
"job","Jo","Berry","Manager","Operations","","bens","Active","Unlicensed","seattle-hq","","B-3042","FALSE","CC-793","Bulk","Bulk directory volume (Operations)","Jo Berry","EMP245","(206) 555-0174","",""
"johnev","John","Evans","Marketing Specialist","Marketing","","kellyk","Active","Unlicensed","seattle-hq","","B-3043","FALSE","CC-897","Bulk","Bulk directory volume (Marketing)","John Evans","EMP257","(206) 555-0157","",""
"jordaom","Jordao","Moreno","Marketing Specialist","Marketing","","kellyk","Active","Unlicensed","seattle-hq","","B-3044","FALSE","CC-897","Bulk","Bulk directory volume (Marketing)","Jordao Moreno","EMP266","(206) 555-0156","",""
"karimm","Karim","Manar","Controller","Accounting","","dianet","Active","Unlicensed","seattle-hq","","B-3045","FALSE","CC-727","Bulk","Bulk directory volume (Accounting)","Karim Manar","EMP008","(206) 555-0174","",""
"kevina","Kevin","Anderson","Sales Representative","Sales","","danp","Active","Unlicensed","us-regional","","B-3046","FALSE","CC-817","Bulk","Bulk directory volume (Sales)","Kevin Anderson","EMP278","(206) 555-0136","",""
"mariar","Maria","Rodriguez","Marketing Analyst","Marketing","Northwind Staffing","kellyk","Active","Unlicensed","seattle-hq","","B-3047","TRUE","CC-897","Bulk","Bulk directory volume (Marketing)","Maria Rodriguez","EMP285","(206) 555-0109","",""
"markj","Mark","Johnson","Project Coordinator","Project Management","","alans","Active","Unlicensed","seattle-hq","","B-3048","FALSE","CC-780","Bulk","Bulk directory volume (Project Management)","Mark Johnson","EMP280","(206) 555-0102","",""
"mchielw","Mchiel","Wories","Procurement Manager","Operations","","keithd","PasswordExpired","Unlicensed","seattle-hq","","B-3049","FALSE","CC-793","Bulk","Bulk directory volume (Operations)","Mchiel Wories","EMP180","(206) 555-0193","",""
"michaeld","Michael","Davis","Former Software Engineer","Engineering","","christk","Suspended","Unlicensed","seattle-hq","","B-3050","FALSE","CC-830","Bulk","Bulk directory volume (Engineering)","Michael Davis","EMP274","(206) 555-0152","",""
"michellt","Michelle","Thompson","Account Executive","Sales","","danp","Active","Unlicensed","us-regional","","B-3051","FALSE","CC-817","Bulk","Bulk directory volume (Sales)","Michelle Thompson","EMP287","(206) 555-0142","",""
"miken","Mike","Nash","Senior Project Manager","Project Management","","alans","AwaitingPasswordReset","Unlicensed","seattle-hq","","B-3052","FALSE","CC-780","Bulk","Bulk directory volume (Project Management)","Mike Nash","EMP037","(206) 555-0198","",""
"patriciag","Patricia","Garcia","DevOps Engineer","Engineering","","christk","Active","Unlicensed","seattle-hq","","B-3053","FALSE","CC-830","Bulk","Bulk directory volume (Engineering)","Patricia Garcia","EMP283","(206) 555-0118","",""
"phyllih","Phyllis","Harris","Marketing Specialist","Marketing","","kellyk","Active","Unlicensed","seattle-hq","","B-3054","FALSE","CC-897","Bulk","Bulk directory volume (Marketing)","Phyllis Harris","EMP264","(206) 555-0139","",""
"pieterw","Pieter","Wycoff","Marketing Specialist","Marketing","","kellyk","PasswordPending","Unlicensed","seattle-hq","","B-3055","FALSE","CC-897","Bulk","Bulk directory volume (Marketing)","Pieter Wycoff","EMP239","(206) 555-0184","",""
"robertt","Robert","Thompson","Former Sales Manager","Sales","","danp","Suspended","Unlicensed","us-regional","","B-3056","FALSE","CC-817","Bulk","Bulk directory volume (Sales)","Robert Thompson","EMP273","(206) 555-0146","",""
"sarahc","Sarah","Chen","Software Engineering Intern","Engineering","","christk","Active","Unlicensed","seattle-hq","","B-3057","FALSE","CC-830","Bulk","Bulk directory volume (Engineering)","Sarah Chen","INT001","(206) 555-0166","",""
"scottb","Scott","Bishop","Senior Project Manager","Project Management","","alans","Active","Unlicensed","seattle-hq","","B-3058","FALSE","CC-780","Bulk","Bulk directory volume (Project Management)","Scott Bishop","EMP034","(206) 555-0176","",""
"stano","Stan","Orme","Content Management Consulting Manager","Content Management Consulting","","alans","PasswordExpired","Unlicensed","seattle-hq","","B-3059","FALSE","CC-748","Bulk","Bulk directory volume (Content Management Consulting)","Stan Orme","EMP036","(206) 555-0195","",""
"sunilu","Sunil","Uppal","Public Relations Specialist","Marketing","","kellyk","Active","Unlicensed","seattle-hq","","B-3060","FALSE","CC-897","Bulk","Bulk directory volume (Marketing)","Sunil Uppal","EMP252","(206) 555-0135","",""
"susant","Susan","Taylor","QA Engineer","Engineering","","christk","Active","Unlicensed","seattle-hq","","B-3061","FALSE","CC-830","Bulk","Bulk directory volume (Engineering)","Susan Taylor","EMP279","(206) 555-0171","",""
"tail","Tai","Lee","President of Services","CVP of IT","","jeffh","Active","Unlicensed","seattle-hq","","B-3062","FALSE","CC-738","Bulk","Bulk directory volume (CVP of IT)","Tai Lee","EMP186","(206) 555-0116","",""
"thomasw","Thomas","Wilson","Former Operations Manager","Operations","","jeffh","Suspended","Unlicensed","seattle-hq","","B-3063","FALSE","CC-793","Bulk","Bulk directory volume (Operations)","Thomas Wilson","EMP282","(206) 555-0112","",""
"alanb","Alan","Brewer","Regional Sales Manager","Sales","","jackc","AwaitingPasswordReset","Unlicensed","us-regional","","B-3064","FALSE","CC-817","Bulk","Bulk directory volume (Sales)","Alan Brewer","EMP016","(206) 555-0199","",""
"alfonsp","Alfons","Parovszky","Content Management Consultant","Content Management Consulting","","stano","Active","Unlicensed","seattle-hq","","B-3065","FALSE","CC-748","Bulk","Bulk directory volume (Content Management Consulting)","Alfons Parovszky","EMP125","(206) 555-0122","",""
"alisal","Alisa","Lawyer","Project Manager","Project Management","","scottb","Active","Unlicensed","seattle-hq","","B-3066","FALSE","CC-780","Bulk","Bulk directory volume (Project Management)","Alisa Lawyer","EMP163","(206) 555-0115","",""
"allang","Allan","Guinot","Engineer","Engineering Operations","","carolt","Active","Unlicensed","seattle-hq","","B-3067","FALSE","CC-745","Bulk","Bulk directory volume (Engineering Operations)","Allan Guinot","EMP069","(206) 555-0143","",""
"allisob","Allison","Brown","Strategy Consultant","Strategy Consulting","","aaronp","PasswordExpired","Unlicensed","seattle-hq","","B-3068","FALSE","CC-761","Bulk","Bulk directory volume (Strategy Consulting)","Allison Brown","EMP087","(206) 555-0195","",""
"andyj","Andy","Jacobs","Senior Project Manager","Project Management","","scottb","Active","Unlicensed","seattle-hq","","B-3069","FALSE","CC-780","Bulk","Bulk directory volume (Project Management)","Andy Jacobs","EMP179","(206) 555-0143","",""
"annal","Anna","Lidman","SVP of Online Services","Senior Management","","christg","Active","Unlicensed","seattle-hq","","B-3070","FALSE","CC-899","Bulk","Bulk directory volume (Senior Management)","Anna Lidman","EMP018","(206) 555-0160","",""
"annew","Anne","Weiler","Strategy Consultant","Strategy Consulting","","cesarg","Active","Unlicensed","seattle-hq","","B-3071","FALSE","CC-761","Bulk","Bulk directory volume (Strategy Consulting)","Anne Weiler","EMP086","(206) 555-0153","",""
"anud","Anu","Deshpande","Engineer","Creative","","carolt","Active","Unlicensed","seattle-hq","","B-3072","FALSE","CC-848","Bulk","Bulk directory volume (Creative)","Anu Deshpande","EMP068","(206) 555-0169","",""
"aris","Ari","Suominen","Engineer","Engineering Operations","","carolt","PasswordExpired","Unlicensed","seattle-hq","","B-3073","FALSE","CC-745","Bulk","Bulk directory volume (Engineering Operations)","Ari Suominen","EMP067","(206) 555-0196","",""
"aylak","Ayla","Kol","Project Manager","Project Management","","scottb","Active","Unlicensed","seattle-hq","","B-3074","FALSE","CC-780","Bulk","Bulk directory volume (Project Management)","Ayla Kol","EMP162","(206) 555-0111","",""
"bernart","Bernard","Tham","Engineer","Engineering Operations","","carolt","PasswordPending","Unlicensed","seattle-hq","","B-3075","FALSE","CC-745","Bulk","Bulk directory volume (Engineering Operations)","Bernard Tham","EMP066","(206) 555-0185","",""
"bjorna","Björn","Åberg","IT Systems Administrator","Operations","","arturol","Active","Unlicensed","seattle-hq","","B-3076","FALSE","CC-793","Bulk","Bulk directory volume (Operations)","Björn Åberg","EMP289","(206) 555-0100","",""
"blained","Blaine","Dockter","Strategy Consultant","Strategy Consulting","","ellena","Active","Unlicensed","seattle-hq","","B-3077","FALSE","CC-761","Bulk","Bulk directory volume (Strategy Consulting)","Blaine Dockter","EMP085","(206) 555-0119","",""
"briang","Brian","Groth","Project Manager","Project Management","","barryj","Active","Unlicensed","seattle-hq","","B-3078","FALSE","CC-780","Bulk","Bulk directory volume (Project Management)","Brian Groth","EMP048","(206) 555-0121","",""
"carid","Cari","Drummelle","Content Management Consultant","Content Management Consulting","","stano","Active","Unlicensed","new-york","","B-3079","FALSE","CC-748","Bulk","Bulk directory volume (Content Management Consulting)","Cari Drummelle","EMP124","(206) 555-0178","",""
"chasec","Chase","Carpenter","Accountant","Accounting","","karimm","Active","Unlicensed","seattle-hq","","B-3080","FALSE","CC-727","Bulk","Bulk directory volume (Accounting)","Chase Carpenter","EMP106","(206) 555-0169","",""
"cheny","Chen","Yang","Engineer","Engineering Operations","","carolt","Active","Unlicensed","seattle-hq","","B-3081","FALSE","CC-745","Bulk","Bulk directory volume (Engineering Operations)","Chen Yang","EMP065","(206) 555-0161","",""
"chrisb","Chris","Barry","Project Manager","Project Management","","miken","Active","Unlicensed","seattle-hq","","B-3082","FALSE","CC-780","Bulk","Bulk directory volume (Project Management)","Chris Barry","EMP161","(206) 555-0147","",""
"chrisg","Chris","Gray","Senior Engineer","Engineering Operations","","carolt","Active","Unlicensed","seattle-hq","","B-3083","FALSE","CC-745","Bulk","Bulk directory volume (Engineering Operations)","Chris Gray","EMP234","(206) 555-0109","",""
"chrisjoh","Chris","Johnson","Accountant","Accounting","","karimm","Active","Unlicensed","seattle-hq","","B-3084","FALSE","CC-727","Bulk","Bulk directory volume (Accounting)","Chris M. Johnson","EMP270","(206) 555-0158","",""
"chrisjohn","Chris","Johnson","Senior Engineer","Engineering Operations","","carolt","Active","Unlicensed","seattle-hq","","B-3085","FALSE","CC-745","Bulk","Bulk directory volume (Engineering Operations)","Chris F. Johnson","EMP271","(206) 555-0145","",""
"christopherm","Christopher","Miller","Former Network Administrator","IT Support","","arturol","Suspended","Unlicensed","seattle-hq","","B-3086","FALSE","CC-759","Bulk","Bulk directory volume (IT Support)","Christopher Miller","EMP286","(206) 555-0146","",""
"christr","Christian","Rytt","Project Manager","Project Management","","chrisn","Active","Unlicensed","seattle-hq","","B-3087","FALSE","CC-780","Bulk","Bulk directory volume (Project Management)","Christian Rytt","EMP171","(206) 555-0155","",""
"cliffd","Cliff","Diddier","Engineer","Engineering Operations","","carolt","PasswordExpired","Unlicensed","seattle-hq","","B-3088","FALSE","CC-745","Bulk","Bulk directory volume (Engineering Operations)","Cliff Diddier","EMP064","(206) 555-0196","",""
"corinnb","Corinna","Bolender","Engineer","Engineering Operations","","carolt","Active","Unlicensed","seattle-hq","","B-3089","FALSE","CC-745","Bulk","Bulk directory volume (Engineering Operations)","Corinna Bolender","EMP131","(206) 555-0156","",""
"dannio","Danni","Ortman","Senior Project Manager","Project Management","","andrewm","Active","Unlicensed","seattle-hq","","B-3090","FALSE","CC-780","Bulk","Bulk directory volume (Project Management)","Danni Ortman","EMP178","(206) 555-0133","",""
"daven","Dave","Natsuhara","Project Manager","Project Management","","chrisn","Active","Unlicensed","seattle-hq","","B-3091","FALSE","CC-780","Bulk","Bulk directory volume (Project Management)","Dave Natsuhara","EMP170","(206) 555-0179","",""
"davidb2","David","Brown","Former Junior Accountant","Accounting","Northwind Staffing","karimm","Suspended","Unlicensed","seattle-hq","","B-3092","TRUE","CC-727","Bulk","Bulk directory volume (Accounting)","David Brown","EMP276","(206) 555-0132","",""
"davidh","David","Hamilton","CRM Consultant","Content Management Consulting","","stano","Active","Unlicensed","london","","B-3093","FALSE","CC-748","Bulk","Bulk directory volume (Content Management Consulting)","David Hamilton","EMP056","(206) 555-0149","",""
"denisd","Denis","Dehenne","Project Manager","Project Management","","barryj","Active","Unlicensed","seattle-hq","","B-3094","FALSE","CC-780","Bulk","Bulk directory volume (Project Management)","Denis Dehenne","EMP159","(206) 555-0155","",""
"dianeg","Diane","Glimp","Content Management Consultant","Content Management Consulting","","stano","PasswordExpired","Unlicensed","new-york","","B-3095","FALSE","CC-748","Bulk","Bulk directory volume (Content Management Consulting)","Diane Glimp","EMP152","(206) 555-0195","",""
"donf","Don","Funk","Project Manager","Project Management","","chrisn","Active","Unlicensed","seattle-hq","","B-3096","FALSE","CC-780","Bulk","Bulk directory volume (Project Management)","Don Funk","EMP169","(206) 555-0164","",""
"donh","Don","Hall","Strategy Consultant","Strategy Consulting","","ellena","PasswordPending","Unlicensed","seattle-hq","","B-3097","FALSE","CC-761","Bulk","Bulk directory volume (Strategy Consulting)","Don Hall","EMP084","(206) 555-0183","",""
"eduardd","Eduard","Dell","Regional Sales Manager","Sales","","jackc","PasswordPending","Unlicensed","seattle-hq","","B-3098","FALSE","CC-817","Bulk","Bulk directory volume (Sales)","Eduard Dell","EMP019","(206) 555-0184","",""
"erica","Erik","Andersen","Content Management Consultant","Content Management Consulting","","stano","Active","Unlicensed","seattle-hq","","B-3099","FALSE","CC-748","Bulk","Bulk directory volume (Content Management Consulting)","Erik Andersen","EMP130","(206) 555-0126","",""
"erwinz","Erwin","Zischka","Engineer","Engineering Operations","","carolt","Active","Unlicensed","seattle-hq","","B-3100","FALSE","CC-745","Bulk","Bulk directory volume (Engineering Operations)","Erwin Zischka","EMP240","(206) 555-0115","",""
"estherv","Esther","Valle","Content Management Consultant","Content Management Consulting","","stano","Active","Unlicensed","london","","B-3101","FALSE","CC-748","Bulk","Bulk directory volume (Content Management Consulting)","Esther Valle","EMP062","(206) 555-0144","",""
"francoisl","François","Lefèvre","Financial Analyst","Accounting","","karimm","Active","Unlicensed","seattle-hq","","B-3102","FALSE","CC-727","Bulk","Bulk directory volume (Accounting)","François Lefèvre","EMP290","(206) 555-0143","",""
"frankm","Frank","Miller","Strategy Consultant","Strategy Consulting","","davidm","Active","Unlicensed","new-york","","B-3103","FALSE","CC-761","Bulk","Bulk directory volume (Strategy Consulting)","Frank Miller","EMP073","(206) 555-0107","",""
"garethc","Gareth","Chan","Content Management Consultant","Content Management Consulting","","stano","Active","Unlicensed","london","","B-3104","FALSE","CC-748","Bulk","Bulk directory volume (Content Management Consulting)","Gareth Chan","EMP054","(206) 555-0152","",""
"garthf","Garth","Fort","HR Manager","Human Resources","","karimm","PasswordPending","Unlicensed","seattle-hq","","B-3105","FALSE","CC-843","Bulk","Bulk directory volume (Human Resources)","Garth Fort","EMP011","(206) 555-0185","",""
"heinrif","Heinrich","Fischer","IT Manager","Operations","","arturol","Active","Unlicensed","seattle-hq","","B-3106","FALSE","CC-793","Bulk","Bulk directory volume (Operations)","Heinrich Fischer","EMP258","(206) 555-0139","",""
"ibent","Iben","Thorell","Strategy Consultant","Strategy Consulting","","brads","Active","Unlicensed","seattle-hq","","B-3107","FALSE","CC-761","Bulk","Bulk directory volume (Strategy Consulting)","Iben Thorell","EMP128","(206) 555-0174","",""
"idanr","Idan","Rubin","Strategy Consultant","Strategy Consulting","","brads","Active","Unlicensed","seattle-hq","","B-3108","FALSE","CC-761","Bulk","Bulk directory volume (Strategy Consulting)","Idan Rubin","EMP083","(206) 555-0160","",""
"ivos","Ivo","Salmre","Project Manager","Project Management","","andrewm","Active","Unlicensed","seattle-hq","","B-3109","FALSE","CC-780","Bulk","Bulk directory volume (Project Management)","Ivo Salmre","EMP156","(206) 555-0177","",""
"jamesl","James","Lee","Former Senior Accountant","Accounting","","karimm","Suspended","Unlicensed","seattle-hq","","B-3110","FALSE","CC-727","Bulk","Bulk directory volume (Accounting)","James Lee","EMP284","(206) 555-0168","",""
"jamesw","James","Wittrell","Accountant","Accounting","","karimm","Active","Unlicensed","seattle-hq","","B-3111","FALSE","CC-727","Bulk","Bulk directory volume (Accounting)","James Wittrell","EMP121","(206) 555-0151","",""
"jank","Jan","Kotas","Strategy Consultant","Strategy Consulting","","brads","Active","Unlicensed","seattle-hq","","B-3112","FALSE","CC-761","Bulk","Bulk directory volume (Strategy Consulting)","Jan Kotas","EMP136","(206) 555-0133","",""
"jennim","Jenni","Merrifield","Strategy Consultant","Strategy Consulting","","davidm","Active","Unlicensed","seattle-hq","","B-3113","FALSE","CC-761","Bulk","Bulk directory volume (Strategy Consulting)","Jenni Merrifield","EMP038","(206) 555-0149","",""
"jespera","Jesper","Aaberg","Project Manager","Project Management","","chrisn","Active","Unlicensed","seattle-hq","","B-3114","FALSE","CC-780","Bulk","Bulk directory volume (Project Management)","Jesper Aaberg","EMP177","(206) 555-0146","",""
"jesuse","Jesus","Escolar","Strategy Consultant","Strategy Consulting","","aaronp","PasswordExpired","Unlicensed","seattle-hq","","B-3115","FALSE","CC-761","Bulk","Bulk directory volume (Strategy Consulting)","Jesus Escolar","EMP082","(206) 555-0195","",""
"jillf","Jill","Frank","Accountant","Accounting","","karimm","Active","Unlicensed","seattle-hq","","B-3116","FALSE","CC-727","Bulk","Bulk directory volume (Accounting)","Jill Frank","EMP140","(206) 555-0172","",""
"jimc","Jim","Corbin","Strategy Consultant","Strategy Consulting","","davidm","Active","Unlicensed","seattle-hq","","B-3117","FALSE","CC-761","Bulk","Bulk directory volume (Strategy Consulting)","Jim Corbin","EMP081","(206) 555-0164","",""
"jiml","Jim","Lucey","Content Management Consultant","Content Management Consulting","","stano","Active","Unlicensed","london","","B-3118","FALSE","CC-748","Bulk","Bulk directory volume (Content Management Consulting)","Jim Lucey","EMP053","(206) 555-0150","",""
"joell","Joel","Lachance","Accountant","Accounting","","karimm","Active","Unlicensed","seattle-hq","","B-3119","FALSE","CC-727","Bulk","Bulk directory volume (Accounting)","Joel Lachance","EMP141","(206) 555-0163","",""
"johne","John","John","Strategy Consultant","Strategy Consulting","","aaronp","PasswordExpired","Unlicensed","seattle-hq","","B-3120","FALSE","CC-761","Bulk","Bulk directory volume (Strategy Consulting)","John John","EMP142","(206) 555-0195","",""
"johny","John","Yokum","Strategy Consultant","Strategy Consulting","","ellena","Active","Unlicensed","seattle-hq","","B-3121","FALSE","CC-761","Bulk","Bulk directory volume (Strategy Consulting)","John Yokum","EMP093","(206) 555-0137","",""
"jong","Jon","Grande","Manager","Operations","","erikac","Active","Unlicensed","seattle-hq","","B-3122","FALSE","CC-793","Bulk","Bulk directory volume (Operations)","Jon Grande","EMP244","(206) 555-0102","",""
"jonj","Jon","Jaffe","Strategy Consultant","Strategy Consulting","","brads","Active","Unlicensed","seattle-hq","","B-3123","FALSE","CC-761","Bulk","Bulk directory volume (Strategy Consulting)","Jon Jaffe","EMP076","(206) 555-0169","",""
"junc","Jun","Cao","Strategy Consultant","Strategy Consulting","","cesarg","Active","Unlicensed","seattle-hq","","B-3124","FALSE","CC-761","Bulk","Bulk directory volume (Strategy Consulting)","Jun Cao","EMP143","(206) 555-0172","",""
"justint","Justin","Thorp","Manager","Operations","","erikac","Active","Unlicensed","seattle-hq","","B-3125","FALSE","CC-793","Bulk","Bulk directory volume (Operations)","Justin Thorp","EMP243","(206) 555-0174","",""
"kaia","Kai","Axford","IT Manager","Operations","","arturol","Active","Unlicensed","seattle-hq","","B-3126","FALSE","CC-793","Bulk","Bulk directory volume (Operations)","Kai Axford","EMP250","(206) 555-0151","",""
"katet","Kate","Taneyhill","Senior Engineer","Engineering Operations","","carolt","Active","Unlicensed","seattle-hq","","B-3127","FALSE","CC-745","Bulk","Bulk directory volume (Engineering Operations)","Kate Taneyhill","EMP233","(206) 555-0109","",""
"kene","Ken","Ewert","Manager","Operations","","erikac","Active","Unlicensed","seattle-hq","","B-3128","FALSE","CC-793","Bulk","Bulk directory volume (Operations)","Ken Ewert","EMP242","(206) 555-0125","",""
"kenm","Ken","Malcolmson","Strategy Consultant","Strategy Consulting","","ellena","Active","Unlicensed","seattle-hq","","B-3129","FALSE","CC-761","Bulk","Bulk directory volume (Strategy Consulting)","Ken Malcolmson","EMP153","(206) 555-0173","",""
"kennetc","Kenneth","Cools","Strategy Consultant","Strategy Consulting","","brads","PasswordPending","Unlicensed","seattle-hq","","B-3130","FALSE","CC-761","Bulk","Bulk directory volume (Strategy Consulting)","Kenneth Cools","EMP145","(206) 555-0190","",""
"kevink","Kevin","Kennedy","IT Manager","Operations","","arturol","Active","Unlicensed","seattle-hq","","B-3131","FALSE","CC-793","Bulk","Bulk directory volume (Operations)","Kevin Kennedy","EMP249","(206) 555-0144","",""
"kimr","Kim","Ralls","Strategy Consultant","Strategy Consulting","","davidm","Active","Unlicensed","seattle-hq","","B-3132","FALSE","CC-761","Bulk","Bulk directory volume (Strategy Consulting)","Kim Ralls","EMP135","(206) 555-0116","",""
"krisj","Kris","Johnsen","IT Manager","Operations","","arturol","Active","Unlicensed","seattle-hq","","B-3133","FALSE","CC-793","Bulk","Bulk directory volume (Operations)","Kris Johnsen","EMP269","(206) 555-0138","",""
"larryz","Larry","Zhang","Regional Sales Manager","Sales","","jackc","Active","Unlicensed","new-york","","B-3134","FALSE","CC-817","Bulk","Bulk directory volume (Sales)","Larry Zhang","EMP023","(206) 555-0116","",""
"larsh","Lars","Hansson","Accounting Manager","Accounting","","karimm","Active","Unlicensed","seattle-hq","","B-3135","FALSE","CC-727","Bulk","Bulk directory volume (Accounting)","Lars Hansson","EMP139","(206) 555-0179","",""
"lisaa","Lisa","Andrews","Content Management Consultant","Content Management Consulting","","stano","PasswordPending","Unlicensed","london","","B-3136","FALSE","CC-748","Bulk","Bulk directory volume (Content Management Consulting)","Lisa Andrews","EMP052","(206) 555-0191","",""
"lisam","Lisa","Miller","Strategy Consultant","Strategy Consulting","","cesarg","Active","Unlicensed","seattle-hq","","B-3137","FALSE","CC-761","Bulk","Bulk directory volume (Strategy Consulting)","Lisa Miller","EMP079","(206) 555-0104","",""
"lisamart","Lisa","Martinez","Former Help Desk Technician","IT Support","","arturol","Suspended","Unlicensed","seattle-hq","","B-3138","FALSE","CC-759","Bulk","Bulk directory volume (IT Support)","Lisa Martinez","EMP277","(206) 555-0183","",""
"lolans","Lolan","Song","Strategy Consultant","Strategy Consulting","","davidm","Active","Unlicensed","seattle-hq","","B-3139","FALSE","CC-761","Bulk","Bulk directory volume (Strategy Consulting)","Lolan Song","EMP138","(206) 555-0170","",""
"lorik","Lori","Kane","Strategy Consultant","Strategy Consulting","","brads","Active","Unlicensed","seattle-hq","","B-3140","FALSE","CC-761","Bulk","Bulk directory volume (Strategy Consulting)","Lori Kane","EMP063","(206) 555-0168","",""
"lubork","Lubor","Kollar","Strategy Consultant","Strategy Consulting","","aaronp","Active","Unlicensed","seattle-hq","","B-3141","FALSE","CC-761","Bulk","Bulk directory volume (Strategy Consulting)","Lubor Kollar","EMP147","(206) 555-0119","",""
"lukask","Lukas","Keller","Manager","Operations","","erikac","Active","Unlicensed","seattle-hq","","B-3142","FALSE","CC-793","Bulk","Bulk directory volume (Operations)","Lukas Keller","EMP241","(206) 555-0149","",""
"magnush","Magnus","Hedlund","Business Process Manager","Content Management Consulting","","stano","Active","Unlicensed","seattle-hq","","B-3143","FALSE","CC-748","Bulk","Bulk directory volume (Content Management Consulting)","Magnus Hedlund","EMP129","(206) 555-0162","",""
"manueam","Manueal","Machado","Senior Project Manager","Project Management","","barryj","Active","Unlicensed","seattle-hq","","B-3144","FALSE","CC-780","Bulk","Bulk directory volume (Project Management)","Manueal Machado","EMP154","(206) 555-0142","",""
"margara","Margaret","Au","Business Process Manager","Project Management","","chrisn","Active","Unlicensed","seattle-hq","","B-3145","FALSE","CC-780","Bulk","Bulk directory volume (Project Management)","Margaret Au","EMP176","(206) 555-0130","",""
"maried","Marie","Dubois","IT Manager","Operations","","arturol","Active","Unlicensed","seattle-hq","","B-3146","FALSE","CC-793","Bulk","Bulk directory volume (Operations)","Marie Dubois","EMP248","(206) 555-0104","",""
"maryc","Mary","Cha","Content Management Consultant","Content Management Consulting","","stano","Active","Unlicensed","london","","B-3147","FALSE","CC-748","Bulk","Bulk directory volume (Content Management Consulting)","Mary Cha","EMP051","(206) 555-0159","",""
"matth","Matt","Hink","Content Management Consultant","Content Management Consulting","","stano","Active","Unlicensed","seattle-hq","","B-3148","FALSE","CC-748","Bulk","Bulk directory volume (Content Management Consulting)","Matt Hink","EMP126","(206) 555-0111","",""
"michael","Michael","Ludwig","Strategy Consultant","Strategy Consulting","","cesarg","Active","Unlicensed","seattle-hq","","B-3149","FALSE","CC-761","Bulk","Bulk directory volume (Strategy Consulting)","Michael Ludwig","EMP148","(206) 555-0100","",""
"michaem","Michael","Mainer","Manager","Operations","","erikac","Active","Unlicensed","seattle-hq","","B-3150","FALSE","CC-793","Bulk","Bulk directory volume (Operations)","Michael Mainer","EMP209","(206) 555-0164","",""
"michaes","Michael","Sullivan","Strategy Consultant","Strategy Consulting","","brads","Active","Unlicensed","seattle-hq","","B-3151","FALSE","CC-761","Bulk","Bulk directory volume (Strategy Consulting)","Michael Sullivan","EMP150","(206) 555-0176","",""
"michal1","Michael","Lund","Strategy Consultant","Strategy Consulting","","ellena","Active","Unlicensed","seattle-hq","","B-3152","FALSE","CC-761","Bulk","Bulk directory volume (Strategy Consulting)","Michael Lund","EMP149","(206) 555-0112","",""
"michelf","Michelle","Fredette","Engineer","Engineering Operations","","carolt","Active","Unlicensed","seattle-hq","","B-3153","FALSE","CC-745","Bulk","Bulk directory volume (Engineering Operations)","Michelle Fredette","EMP237","(206) 555-0140","",""
"miker","Mike","Ray","Strategy Consultant","Strategy Consulting","","davidm","PasswordPending","Unlicensed","new-york","","B-3154","FALSE","CC-761","Bulk","Bulk directory volume (Strategy Consulting)","Mike Ray","EMP077","(206) 555-0186","",""
"miket","Mike","Tiano","Business Process Manager","Project Management","","chrisn","Active","Unlicensed","seattle-hq","","B-3155","FALSE","CC-780","Bulk","Bulk directory volume (Project Management)","Mike Tiano","EMP175","(206) 555-0142","",""
"nedf","Ned","Friend","Project Manager","Project Management","","chrisn","AwaitingPasswordReset","Unlicensed","seattle-hq","","B-3156","FALSE","CC-780","Bulk","Bulk directory volume (Project Management)","Ned Friend","EMP167","(206) 555-0198","",""
"nikosd","Νίκος","Δημητρίου","Facilities Coordinator","Operations","","arturol","Active","Unlicensed","seattle-hq","","B-3157","FALSE","CC-793","Bulk","Bulk directory volume (Operations)","Νίκος Δημητρίου","EMP306","(206) 555-0169","",""
"nuriag","Nuria","Gonzalez","Senior Project Manager","Project Management","","miken","PasswordPending","Unlicensed","seattle-hq","","B-3158","FALSE","CC-780","Bulk","Bulk directory volume (Project Management)","Nuria Gonzalez","EMP181","(206) 555-0186","",""
"olivief","Olivier","Fontana","Engineer","Engineering Operations","","carolt","Active","Unlicensed","seattle-hq","","B-3159","FALSE","CC-745","Bulk","Bulk directory volume (Engineering Operations)","Olivier Fontana","EMP236","(206) 555-0174","",""
"parnak","Parna","Khot","Strategy Consultant","Strategy Consulting","","aaronp","Active","Unlicensed","seattle-hq","","B-3160","FALSE","CC-761","Bulk","Bulk directory volume (Strategy Consulting)","Parna Khot","EMP134","(206) 555-0158","",""
"pauld","Paul","Duffy","Senior Engineer","Engineering Operations","","carolt","PasswordPending","Unlicensed","seattle-hq","","B-3161","FALSE","CC-745","Bulk","Bulk directory volume (Engineering Operations)","Paul Duffy","EMP232","(206) 555-0187","",""
"pedert","Peder","Thode","Content Management Consultant","Content Management Consulting","","stano","PasswordPending","Unlicensed","london","","B-3162","FALSE","CC-748","Bulk","Bulk directory volume (Content Management Consulting)","Peder Thode","EMP050","(206) 555-0185","",""
"peters","Peter","Saddow","Content Management Consultant","Content Management Consulting","","stano","Active","Unlicensed","new-york","","B-3163","FALSE","CC-748","Bulk","Bulk directory volume (Content Management Consulting)","Peter Saddow","EMP060","(206) 555-0179","",""
"rayc","Ray","Chow","Strategy Consultant","Strategy Consulting","","davidm","Active","Unlicensed","seattle-hq","","B-3164","FALSE","CC-761","Bulk","Bulk directory volume (Strategy Consulting)","Ray Chow","EMP151","(206) 555-0105","",""
"raym","Ray","Mohrman","Senior Project Manager","Project Management","","barryj","Active","Unlicensed","seattle-hq","","B-3165","FALSE","CC-780","Bulk","Bulk directory volume (Project Management)","Ray Mohrman","EMP174","(206) 555-0132","",""
"reinac","Reina","Cabatana","Content Management Consultant","Content Management Consulting","","stano","Active","Unlicensed","london","","B-3166","FALSE","CC-748","Bulk","Bulk directory volume (Content Management Consulting)","Reina Cabatana","EMP058","(206) 555-0118","",""
"reneel","Renee","Lo","Strategy Consultant","Strategy Consulting","","aaronp","Active","Unlicensed","seattle-hq","","B-3167","FALSE","CC-761","Bulk","Bulk directory volume (Strategy Consulting)","Renee Lo","EMP123","(206) 555-0160","",""
"richart","Richard","Tupy","Project Manager","Project Management","","andrewm","PasswordPending","Unlicensed","seattle-hq","","B-3168","FALSE","CC-780","Bulk","Bulk directory volume (Project Management)","Richard Tupy","EMP168","(206) 555-0186","",""
"robb","Rob","Barker","Project Manager","Project Management","","chrisn","Active","Unlicensed","seattle-hq","","B-3169","FALSE","CC-780","Bulk","Bulk directory volume (Project Management)","Rob Barker","EMP165","(206) 555-0139","",""
"roberto","Robert","O'Hara","Content Management Consultant","Content Management Consulting","","stano","PasswordPending","Unlicensed","seattle-hq","","B-3170","FALSE","CC-748","Bulk","Bulk directory volume (Content Management Consulting)","Robert O'Hara","EMP078","(206) 555-0182","",""
"robiny","Robin","Young","Content Management Consultant","Content Management Consulting","","stano","Active","Unlicensed","new-york","","B-3171","FALSE","CC-748","Bulk","Bulk directory volume (Content Management Consulting)","Robin Young","EMP059","(206) 555-0113","",""
"roby","Rob","Young","IT Manager","Operations","","arturol","Active","Unlicensed","seattle-hq","","B-3172","FALSE","CC-793","Bulk","Bulk directory volume (Operations)","Rob Young","EMP207","(206) 555-0121","",""
"rolandw","Roland","Wacker","Strategy Consultant","Strategy Consulting","","aaronp","Active","Unlicensed","new-york","","B-3173","FALSE","CC-761","Bulk","Bulk directory volume (Strategy Consulting)","Roland Wacker","EMP091","(206) 555-0169","",""
"sameert","Sameer","Tejani","Strategy Consultant","Strategy Consulting","","ellena","Active","Unlicensed","new-york","","B-3174","FALSE","CC-761","Bulk","Bulk directory volume (Strategy Consulting)","Sameer Tejani","EMP075","(206) 555-0171","",""
"sanjayp","Sanjay","Patel","Content Management Consultant","Content Management Consulting","","stano","Active","Unlicensed","seattle-hq","","B-3175","FALSE","CC-748","Bulk","Bulk directory volume (Content Management Consulting)","Sanjay Patel","EMP090","(206) 555-0106","",""
"seanp","Sean","Purcell","Business Process Manager","Project Management","","chrisn","Active","Unlicensed","seattle-hq","","B-3176","FALSE","CC-780","Bulk","Bulk directory volume (Project Management)","Sean Purcell","EMP173","(206) 555-0118","",""
"simonp","Simon","Pearson","Senior Engineer","Engineering Operations","","carolt","PasswordPending","Unlicensed","seattle-hq","","B-3177","FALSE","CC-745","Bulk","Bulk directory volume (Engineering Operations)","Simon Pearson","EMP231","(206) 555-0183","",""
"simonr","Simon","Rapier","Senior Project Manager","Project Management","","scottb","PasswordPending","Unlicensed","seattle-hq","","B-3178","FALSE","CC-780","Bulk","Bulk directory volume (Project Management)","Simon Rapier","EMP164","(206) 555-0183","",""
"spencel","Spencer","Low","Regional Sales Manager","Sales","","jackc","Active","Unlicensed","seattle-hq","","B-3179","FALSE","CC-817","Bulk","Bulk directory volume (Sales)","Spencer Low","EMP020","(206) 555-0136","",""
"stephed","Stephen","Deming","Engineer","Engineering Operations","","carolt","Active","Unlicensed","seattle-hq","","B-3180","FALSE","CC-745","Bulk","Bulk directory volume (Engineering Operations)","Stephen Deming","EMP235","(206) 555-0174","",""
"stevel","Steve","Luper","Regional Sales Manager","Sales","","jackc","Active","Unlicensed","seattle-hq","","B-3181","FALSE","CC-817","Bulk","Bulk directory volume (Sales)","Steve Luper","EMP032","(206) 555-0133","",""
"stevem","Steve","Masters","Strategy Consultant","Strategy Consulting","","cesarg","Active","Unlicensed","seattle-hq","","B-3182","FALSE","CC-761","Bulk","Bulk directory volume (Strategy Consulting)","Steve Masters","EMP146","(206) 555-0165","",""
"sunilk","Sunil","Koduri","Senior Engineer","Engineering Operations","","carolt","Active","Unlicensed","seattle-hq","","B-3183","FALSE","CC-745","Bulk","Bulk directory volume (Engineering Operations)","Sunil Koduri","EMP230","(206) 555-0150","",""
"syeda","Syed","Abbas","CRM Consulting Manager","CRM Strategy","","aaronp","Active","Unlicensed","london","","B-3184","FALSE","CC-787","Bulk","Bulk directory volume (CRM Strategy)","Syed Abbas","EMP049","(206) 555-0142","",""
"tedb","Ted","Bremer","Business Process Manager","Project Management","","chrisn","Active","Unlicensed","seattle-hq","","B-3185","FALSE","CC-780","Bulk","Bulk directory volume (Project Management)","Ted Bremer","EMP172","(206) 555-0160","",""
"terrye","Terry","Earls","Project Manager","Project Management","","miken","Active","Unlicensed","seattle-hq","","B-3186","FALSE","CC-780","Bulk","Bulk directory volume (Project Management)","Terry Earls","EMP208","(206) 555-0118","",""
"tonym","Tony","Madigan","Senior Engineer","Engineering Operations","","carolt","Active","Unlicensed","seattle-hq","","B-3187","FALSE","CC-745","Bulk","Bulk directory volume (Engineering Operations)","Tony Madigan","EMP229","(206) 555-0137","",""
"tonyw","Tony","Wang","Strategy Consultant","Strategy Consulting","","ellena","Active","Unlicensed","seattle-hq","","B-3188","FALSE","CC-761","Bulk","Bulk directory volume (Strategy Consulting)","Tony Wang","EMP144","(206) 555-0157","",""
"treyp","Trey","Pratt","Strategy Consultant","Strategy Consulting","","cesarg","AwaitingPasswordReset","Unlicensed","seattle-hq","","B-3189","FALSE","CC-761","Bulk","Bulk directory volume (Strategy Consulting)","Trey Pratt","EMP132","(206) 555-0197","",""
"valeryu","Valery","Ushakov","Engineer","Engineering Operations","","carolt","Active","Unlicensed","seattle-hq","","B-3190","FALSE","CC-745","Bulk","Bulk directory volume (Engineering Operations)","Valery Ushakov","EMP088","(206) 555-0179","",""
"vladime","Vladimir","Egorov","Content Management Consultant","Content Management Consulting","","stano","Active","Unlicensed","new-york","","B-3191","FALSE","CC-748","Bulk","Bulk directory volume (Content Management Consulting)","Vladimir Egorov","EMP061","(206) 555-0110","",""
"williav","William","Vong","Strategy Consultant","Strategy Consulting","","cesarg","Active","Unlicensed","new-york","","B-3192","FALSE","CC-761","Bulk","Bulk directory volume (Strategy Consulting)","William Vong","EMP074","(206) 555-0138","",""
"yukon","優子","中村","Accounts Payable Clerk","Accounting","","karimm","Active","Unlicensed","seattle-hq","","B-3193","FALSE","CC-727","Bulk","Bulk directory volume (Accounting)","中村 優子","EMP304","(206) 555-0126","",""
"alexans","Alexandre","Silva","Project Manager","1099 Contractor","Northwind Staffing","briang","Active","Unlicensed","seattle-hq","","B-3194","TRUE","CC-818","Bulk","Bulk directory volume (1099 Contractor)","Alexandre Silva","EMP098","(206) 555-0106","",""
"amya","Amy","Alberts","HR Manager","Human Resources","","garthf","PasswordPending","Unlicensed","seattle-hq","","B-3195","FALSE","CC-843","Bulk","Bulk directory volume (Human Resources)","Amy Alberts","EMP031","(206) 555-0186","",""
"andersm","Anders","Madsen","Project Manager","1099 Contractor","Northwind Staffing","briang","Active","Unlicensed","seattle-hq","","B-3196","TRUE","CC-818","Bulk","Bulk directory volume (1099 Contractor)","Anders Madsen","EMP097","(206) 555-0153","",""
"andread","Andrea","Dunker","Project Manager","1099 Contractor","Northwind Staffing","briang","Active","Unlicensed","seattle-hq","","B-3197","TRUE","CC-818","Bulk","Bulk directory volume (1099 Contractor)","Andrea Dunker","EMP116","(206) 555-0156","",""
"aprils","April","Stewart","Sales Manager","Sales","","eduardd","Active","Unlicensed","us-regional","","B-3198","FALSE","CC-817","Bulk","Bulk directory volume (Sales)","April Stewart","EMP025","(206) 555-0155","",""
"arleneh","Arlene","Huff","Strategy Consultant","Strategy Consulting","","jennim","Active","Unlicensed","seattle-hq","","B-3199","FALSE","CC-761","Bulk","Bulk directory volume (Strategy Consulting)","Arlene Huff","EMP238","(206) 555-0103","",""
"arthury","Arthur","Yasinski","Sales Manager","Sales Engagement Management","","spencel","Active","Unlicensed","us-regional","","B-3200","FALSE","CC-876","Bulk","Bulk directory volume (Sales Engagement Management)","Arthur Yasinski","EMP029","(206) 555-0106","",""
"carlosg","Carlos","Grilo","Project Manager","1099 Contractor","Northwind Staffing","briang","PasswordPending","Unlicensed","seattle-hq","","B-3201","TRUE","CC-818","Bulk","Bulk directory volume (1099 Contractor)","Carlos Grilo","EMP117","(206) 555-0189","",""
"chrism","Chris","McGurk","Project Manager","1099 Contractor","Northwind Staffing","briang","Active","Unlicensed","seattle-hq","","B-3202","TRUE","CC-818","Bulk","Bulk directory volume (1099 Contractor)","Chris McGurk","EMP118","(206) 555-0152","",""
"danb","Dan","Bacon","Project Manager","1099 Contractor","Northwind Staffing","briang","PasswordExpired","Unlicensed","seattle-hq","","B-3203","TRUE","CC-818","Bulk","Bulk directory volume (1099 Contractor)","Dan Bacon","EMP119","(206) 555-0194","",""
"danield","Daniel","Durrer","Project Manager","1099 Contractor","Northwind Staffing","briang","Active","Unlicensed","seattle-hq","","B-3204","TRUE","CC-818","Bulk","Bulk directory volume (1099 Contractor)","Daniel Durrer","EMP120","(206) 555-0115","",""
"davidd","David","Derwin","Project Manager","1099 Contractor","Northwind Staffing","briang","Active","Unlicensed","seattle-hq","","B-3205","TRUE","CC-818","Bulk","Bulk directory volume (1099 Contractor)","David Derwin","EMP092","(206) 555-0162","",""
"davids","David","Simpson","Sales Manager","Sales Engagement Management","","alanb","PasswordPending","Unlicensed","seattle-hq","","B-3206","FALSE","CC-876","Bulk","Bulk directory volume (Sales Engagement Management)","David Simpson","EMP017","(206) 555-0182","",""
"davids1","David","So","Project Manager","1099 Contractor","Northwind Staffing","briang","Active","Unlicensed","seattle-hq","","B-3207","TRUE","CC-818","Bulk","Bulk directory volume (1099 Contractor)","David So","EMP096","(206) 555-0176","",""
"doughm","Dough","Mahugh","Project Manager","1099 Contractor","Northwind Staffing","briang","AwaitingPasswordReset","Unlicensed","seattle-hq","","B-3208","TRUE","CC-818","Bulk","Bulk directory volume (1099 Contractor)","Dough Mahugh","EMP115","(206) 555-0197","",""
"guidop","Guido","Pica","Project Manager","1099 Contractor","Northwind Staffing","briang","PasswordPending","Unlicensed","seattle-hq","","B-3209","TRUE","CC-818","Bulk","Bulk directory volume (1099 Contractor)","Guido Pica","EMP104","(206) 555-0185","",""
"hugog","Hugo","Garcia","Strategy Consultant","1099 Contractor","Northwind Staffing","jennim","Active","Unlicensed","seattle-hq","","B-3210","TRUE","CC-818","Bulk","Bulk directory volume (1099 Contractor)","Hugo Garcia","EMP108","(206) 555-0149","",""
"humbera","Humberto","Acevedo","Project Manager","1099 Contractor","Northwind Staffing","briang","Active","Unlicensed","seattle-hq","","B-3211","TRUE","CC-818","Bulk","Bulk directory volume (1099 Contractor)","Humberto Acevedo","EMP095","(206) 555-0175","",""
"jakas","Jaka","Stele","Project Manager","1099 Contractor","Northwind Staffing","briang","Active","Unlicensed","seattle-hq","","B-3212","TRUE","CC-818","Bulk","Bulk directory volume (1099 Contractor)","Jaka Stele","EMP113","(206) 555-0130","",""
"jasonc","Jason","Carlson","CRM Consultant","CRM Strategy","","syeda","Active","Unlicensed","london","","B-3213","FALSE","CC-787","Bulk","Bulk directory volume (CRM Strategy)","Jason Carlson","EMP080","(206) 555-0117","",""
"jeffw","Jeff","Williams","CRM Consultant","CRM Strategy","","syeda","Active","Unlicensed","london","","B-3214","FALSE","CC-787","Bulk","Bulk directory volume (CRM Strategy)","Jeff Williams","EMP072","(206) 555-0109","",""
"jeremyl","Jeremy","Los","Strategy Consultant","1099 Contractor","Northwind Staffing","jennim","Active","Unlicensed","seattle-hq","","B-3215","TRUE","CC-818","Bulk","Bulk directory volume (1099 Contractor)","Jeremy Los","EMP109","(206) 555-0102","",""
"jessica","Jessica","Arnold","Project Manager","1099 Contractor","Northwind Staffing","briang","Active","Unlicensed","seattle-hq","","B-3216","TRUE","CC-818","Bulk","Bulk directory volume (1099 Contractor)","Jessica Arnold","EMP105","(206) 555-0173","",""
"johng","John","Ganio","Strategy Consultant","1099 Contractor","Northwind Staffing","jennim","Active","Unlicensed","seattle-hq","","B-3217","TRUE","CC-818","Bulk","Bulk directory volume (1099 Contractor)","John Ganio","EMP110","(206) 555-0117","",""
"joses","Jose","Saraiva","Sales Manager","Sales","","larryz","Active","Unlicensed","seattle-hq","","B-3218","FALSE","CC-817","Bulk","Bulk directory volume (Sales)","Jose Saraiva","EMP040","(206) 555-0144","",""
"karinl","Karin","Lamb","CRM Consultant","CRM Strategy","","syeda","Active","Unlicensed","london","","B-3219","FALSE","CC-787","Bulk","Bulk directory volume (CRM Strategy)","Karin Lamb","EMP055","(206) 555-0138","",""
"lenea","Lene","Aalling","Sales Manager","Sales Engagement Management","","stevel","Active","Unlicensed","remote","","B-3220","FALSE","CC-876","Bulk","Bulk directory volume (Sales Engagement Management)","Lene Aalling","EMP041","(206) 555-0173","",""
"linaa","Lina","Abola","Strategy Consultant","1099 Contractor","Northwind Staffing","jennim","Active","Unlicensed","seattle-hq","","B-3221","TRUE","CC-818","Bulk","Bulk directory volume (1099 Contractor)","Lina Abola","EMP111","(206) 555-0147","",""
"lorrain","Lorraine","Nay","CRM Consultant","CRM Strategy","","syeda","Active","Unlicensed","london","","B-3222","FALSE","CC-787","Bulk","Bulk directory volume (CRM Strategy)","Lorraine Nay","EMP127","(206) 555-0122","",""
"markh","Mark","Hanson","Strategy Consultant","1099 Contractor","Northwind Staffing","jennim","Active","Unlicensed","seattle-hq","","B-3223","TRUE","CC-818","Bulk","Bulk directory volume (1099 Contractor)","Mark Hanson","EMP112","(206) 555-0138","",""
"maurict","Maurice","Taylor","Project Manager","1099 Contractor","Northwind Staffing","briang","Active","Unlicensed","seattle-hq","","B-3224","TRUE","CC-818","Bulk","Bulk directory volume (1099 Contractor)","Maurice Taylor","EMP103","(206) 555-0162","",""
"meravs","Merav","Sror","CRM Consultant","CRM Strategy","","syeda","Active","Unlicensed","london","","B-3225","FALSE","CC-787","Bulk","Bulk directory volume (CRM Strategy)","Merav Sror","EMP057","(206) 555-0170","",""
"michaez","Michael","Zeman","Project Manager","1099 Contractor","Northwind Staffing","briang","Active","Unlicensed","seattle-hq","","B-3226","TRUE","CC-818","Bulk","Bulk directory volume (1099 Contractor)","Michael Zeman","EMP102","(206) 555-0144","",""
"michiko","Michiko","Osada","Project Manager","1099 Contractor","Northwind Staffing","briang","Active","Unlicensed","seattle-hq","","B-3227","TRUE","CC-818","Bulk","Bulk directory volume (1099 Contractor)","Michiko Osada","EMP101","(206) 555-0109","",""
"mollyc","Molly","Clark","GM of Online Ad Sales and Affiliate Marketing","Senior Management","","annal","Active","Unlicensed","seattle-hq","","B-3228","FALSE","CC-899","Bulk","Bulk directory volume (Senior Management)","Molly Clark","EMP022","(206) 555-0108","",""
"olgas","Ольга","Соколова","Recruiter","Human Resources","","garthf","Active","Unlicensed","seattle-hq","","B-3229","FALSE","CC-843","Bulk","Bulk directory volume (Human Resources)","Ольга Соколова","EMP305","(206) 555-0131","",""
"qiongw","Qiong","Wu","Project Manager","1099 Contractor","Northwind Staffing","briang","PasswordPending","Unlicensed","seattle-hq","","B-3230","TRUE","CC-818","Bulk","Bulk directory volume (1099 Contractor)","Qiong Wu","EMP100","(206) 555-0191","",""
"scottm","Scott","MacDonald","Strategy Consultant","1099 Contractor","Northwind Staffing","jennim","Active","Unlicensed","seattle-hq","","B-3231","TRUE","CC-818","Bulk","Bulk directory volume (1099 Contractor)","Scott MacDonald","EMP122","(206) 555-0147","",""
"scottr","Scott","Rockfield","Project Manager","1099 Contractor","Northwind Staffing","briang","PasswordPending","Unlicensed","seattle-hq","","B-3232","TRUE","CC-818","Bulk","Bulk directory volume (1099 Contractor)","Scott Rockfield","EMP094","(206) 555-0183","",""
"stevenw","Steven","Wright","Strategy Consultant","1099 Contractor","Northwind Staffing","jennim","Active","Unlicensed","seattle-hq","","B-3233","TRUE","CC-818","Bulk","Bulk directory volume (1099 Contractor)","Steven Wright","EMP114","(206) 555-0178","",""
"stuartm","Stuart","Munson","Project Manager","1099 Contractor","Northwind Staffing","briang","PasswordPending","Unlicensed","seattle-hq","","B-3234","TRUE","CC-818","Bulk","Bulk directory volume (1099 Contractor)","Stuart Munson","EMP099","(206) 555-0189","",""
"tado","Tad","Orman","CRM Consultant","CRM Strategy","","syeda","Active","Unlicensed","london","","B-3235","FALSE","CC-787","Bulk","Bulk directory volume (CRM Strategy)","Tad Orman","EMP071","(206) 555-0107","",""
"terrenp","Terrence","Phillip","Strategy Consultant","1099 Contractor","Northwind Staffing","jennim","Active","Unlicensed","seattle-hq","","B-3236","TRUE","CC-818","Bulk","Bulk directory volume (1099 Contractor)","Terrence Phillip","EMP107","(206) 555-0104","",""
"thomash","Thomas","Hamborg","Project Manager","1099 Contractor","Northwind Staffing","briang","Active","Unlicensed","seattle-hq","","B-3237","TRUE","CC-818","Bulk","Bulk directory volume (1099 Contractor)","Thomas Hamborg","EMP137","(206) 555-0135","",""
"tobyn","Toby","Nixon","CRM Consultant","CRM Strategy","","syeda","Active","Unlicensed","london","","B-3238","FALSE","CC-787","Bulk","Bulk directory volume (CRM Strategy)","Toby Nixon","EMP070","(206) 555-0128","",""
"toshm","Tosh","Meston","CRM Consultant","CRM Strategy","","syeda","Active","Unlicensed","london","","B-3239","FALSE","CC-787","Bulk","Bulk directory volume (CRM Strategy)","Tosh Meston","EMP089","(206) 555-0148","",""
"aliciat","Alicia","Thomber","Salesperson","Sales","","davids","Active","Unlicensed","seattle-hq","","B-3240","FALSE","CC-817","Bulk","Bulk directory volume (Sales)","Alicia Thomber","EMP227","(206) 555-0135","",""
"anneliz","Annelie","Zubar","Salesperson","Sales","","joses","Active","Unlicensed","seattle-hq","","B-3241","FALSE","CC-817","Bulk","Bulk directory volume (Sales)","Annelie Zubar","EMP225","(206) 555-0117","",""
"chrisjohns","Chris","Johnson","Salesperson","Sales Engagement Management","","aprils","Active","Unlicensed","seattle-hq","","B-3242","FALSE","CC-876","Bulk","Bulk directory volume (Sales Engagement Management)","Chris A. Johnson","EMP272","(206) 555-0137","",""
"danh","Dan","Hough","Salesperson","Sales","","arthury","Active","Unlicensed","seattle-hq","","B-3243","FALSE","CC-817","Bulk","Bulk directory volume (Sales)","Dan Hough","EMP215","(206) 555-0167","",""
"davidb","David","Bossard","Salesperson","Sales","","aprils","Active","Unlicensed","seattle-hq","","B-3244","FALSE","CC-817","Bulk","Bulk directory volume (Sales)","David Bossard","EMP226","(206) 555-0164","",""
"davidw","David","Wright","Salesperson","Sales","","davids","Active","Unlicensed","us-regional","","B-3245","FALSE","CC-817","Bulk","Bulk directory volume (Sales)","David Wright","EMP160","(206) 555-0171","",""
"dianep","Diane","Prescott","Director of Ad Sales","Marketing","","mollyc","Active","Unlicensed","seattle-hq","","B-3246","FALSE","CC-897","Bulk","Bulk directory volume (Marketing)","Diane Prescott","EMP028","(206) 555-0160","",""
"dominip","Dominik","Paiha","Salesperson","Sales","","joses","Active","Unlicensed","new-york","","B-3247","FALSE","CC-817","Bulk","Bulk directory volume (Sales)","Dominik Paiha","EMP214","(206) 555-0167","",""
"elizaba","Elizabeth","Andersen","Salesperson","Sales","","arthury","Active","Unlicensed","us-regional","","B-3248","FALSE","CC-817","Bulk","Bulk directory volume (Sales)","Elizabeth Andersen","EMP158","(206) 555-0119","",""
"emilyr","Emily","Rodriguez","HR Intern","Human Resources","","amya","Active","Unlicensed","seattle-hq","","B-3249","FALSE","CC-843","Bulk","Bulk directory volume (Human Resources)","Emily Rodriguez","INT003","(206) 555-0121","",""
"eranh","Eran","Harel","Salesperson","Sales","","joses","Active","Unlicensed","us-regional","","B-3250","FALSE","CC-817","Bulk","Bulk directory volume (Sales)","Eran Harel","EMP204","(206) 555-0117","",""
"ericg","Eric","Gruber","Salesperson","Sales","","lenea","Active","Unlicensed","seattle-hq","","B-3251","FALSE","CC-817","Bulk","Bulk directory volume (Sales)","Eric Gruber","EMP211","(206) 555-0160","",""
"erikg","Erik","Gubbels","Salesperson","Sales","","aprils","Active","Unlicensed","seattle-hq","","B-3252","FALSE","CC-817","Bulk","Bulk directory volume (Sales)","Erik Gubbels","EMP213","(206) 555-0147","",""
"euang","Euan","Garden","Salesperson","Sales Engagement Management","","aprils","Active","Unlicensed","us-regional","","B-3253","FALSE","CC-876","Bulk","Bulk directory volume (Sales Engagement Management)","Euan Garden","EMP203","(206) 555-0110","",""
"fabricc","Fabrice","Canel","Salesperson","Sales Engagement Management","","arthury","Active","Unlicensed","us-regional","","B-3254","FALSE","CC-876","Bulk","Bulk directory volume (Sales Engagement Management)","Fabrice Canel","EMP196","(206) 555-0120","",""
"fatimah","فاطمة","حداد","Sales Engineer","Sales","","mollyc","Active","Unlicensed","us-regional","","B-3255","FALSE","CC-817","Bulk","Bulk directory volume (Sales)","فاطمة حداد","EMP307","(206) 555-0129","",""
"ginab","Gina","Boyer","Salesperson","Sales","","arthury","Active","Unlicensed","seattle-hq","","B-3256","FALSE","CC-817","Bulk","Bulk directory volume (Sales)","Gina Boyer","EMP224","(206) 555-0147","",""
"hazema","Hazem","Abolrous","Salesperson","Sales","","lenea","PasswordExpired","Unlicensed","seattle-hq","","B-3257","FALSE","CC-817","Bulk","Bulk directory volume (Sales)","Hazem Abolrous","EMP166","(206) 555-0196","",""
"howardg","Howard","Gonzalez","Salesperson","Sales","","lenea","Active","Unlicensed","london","","B-3258","FALSE","CC-817","Bulk","Bulk directory volume (Sales)","Howard Gonzalez","EMP157","(206) 555-0125","",""
"iant","Ian","Tien","HR Specialist","Human Resources","","amya","Active","Unlicensed","seattle-hq","","B-3259","FALSE","CC-843","Bulk","Bulk directory volume (Human Resources)","Ian Tien","EMP222","(206) 555-0103","",""
"jamier","Jamie","Reding","Salesperson","Sales Engagement Management","","davids","Active","Unlicensed","seattle-hq","","B-3260","FALSE","CC-876","Bulk","Bulk directory volume (Sales Engagement Management)","Jamie Reding","EMP193","(206) 555-0174","",""
"jennyl","Jenny","Lysaker","Salesperson","Sales","","aprils","Active","Unlicensed","seattle-hq","","B-3261","FALSE","CC-817","Bulk","Bulk directory volume (Sales)","Jenny Lysaker","EMP265","(206) 555-0169","",""
"johnk","John","Kane","Salesperson","Sales","","joses","Active","Unlicensed","us-regional","","B-3262","FALSE","CC-817","Bulk","Bulk directory volume (Sales)","John Kane","EMP133","(206) 555-0150","",""
"joshe","Josh","Edwards","Salesperson","Sales","","lenea","Active","Unlicensed","seattle-hq","","B-3263","FALSE","CC-817","Bulk","Bulk directory volume (Sales)","Josh Edwards","EMP267","(206) 555-0101","",""
"juliani","Julian","Isla","Sr. Business Development Manager","Senior Management","","mollyc","Active","Unlicensed","seattle-hq","","B-3264","FALSE","CC-899","Bulk","Bulk directory volume (Senior Management)","Julian Isla","EMP033","(206) 555-0107","",""
"karif","Kari","Furse","Salesperson","Sales","","joses","Active","Unlicensed","seattle-hq","","B-3265","FALSE","CC-817","Bulk","Bulk directory volume (Sales)","Kari Furse","EMP220","(206) 555-0113","",""
"kerimh","Kerim","Hanif","Salesperson","Sales Engagement Management","","davids","Active","Unlicensed","seattle-hq","","B-3266","FALSE","CC-876","Bulk","Bulk directory volume (Sales Engagement Management)","Kerim Hanif","EMP192","(206) 555-0108","",""
"kevinv","Kevin","Verboort","Salesperson","Sales","","arthury","Active","Unlicensed","seattle-hq","","B-3267","FALSE","CC-817","Bulk","Bulk directory volume (Sales)","Kevin Verboort","EMP254","(206) 555-0116","",""
"kima","Kim","Abercrombie","Salesperson","Sales","","joses","Active","Unlicensed","seattle-hq","","B-3268","FALSE","CC-817","Bulk","Bulk directory volume (Sales)","Kim Abercrombie","EMP206","(206) 555-0169","",""
"kirkj","Kirk","Nason","Salesperson","Sales","","joses","Active","Unlicensed","seattle-hq","","B-3269","FALSE","CC-817","Bulk","Bulk directory volume (Sales)","Kirk Nason","EMP259","(206) 555-0131","",""
"larss","Lars","Sørensen","Account Executive","Sales","","mollyc","PasswordPending","Unlicensed","us-regional","","B-3270","FALSE","CC-817","Bulk","Bulk directory volume (Sales)","Lars Sørensen","EMP293","(206) 555-0187","",""
"lucad","Luca","Dellamore","Salesperson","Sales","","aprils","Active","Unlicensed","seattle-hq","","B-3271","FALSE","CC-817","Bulk","Bulk directory volume (Sales)","Luca Dellamore","EMP155","(206) 555-0154","",""
"luisb","Luis","Bonifaz","Salesperson","Sales","","arthury","Active","Unlicensed","seattle-hq","","B-3272","FALSE","CC-817","Bulk","Bulk directory volume (Sales)","Luis Bonifaz","EMP253","(206) 555-0108","",""
"lukaa","Luka","Abrus","Salesperson","Sales Engagement Management","","aprils","Active","Unlicensed","us-regional","","B-3273","FALSE","CC-876","Bulk","Bulk directory volume (Sales Engagement Management)","Luka Abrus","EMP202","(206) 555-0125","",""
"manishc","Manish","Chopra","Salesperson","Sales","","lenea","Active","Unlicensed","seattle-hq","","B-3274","FALSE","CC-817","Bulk","Bulk directory volume (Sales)","Manish Chopra","EMP251","(206) 555-0113","",""
"marcelt","Marcelo","Truffat","Salesperson","Sales","","joses","Active","Unlicensed","seattle-hq","","B-3275","FALSE","CC-817","Bulk","Bulk directory volume (Sales)","Marcelo Truffat","EMP228","(206) 555-0108","",""
"marcf","Marc","Faerber","Salesperson","Sales","","davids","Active","Unlicensed","us-regional","","B-3276","FALSE","CC-817","Bulk","Bulk directory volume (Sales)","Marc Faerber","EMP219","(206) 555-0150","",""
"markoz","Marko","Zajc","Salesperson","Sales","","aprils","PasswordPending","Unlicensed","seattle-hq","","B-3277","FALSE","CC-817","Bulk","Bulk directory volume (Sales)","Marko Zajc","EMP195","(206) 555-0180","",""
"marus","Maru","Subrmani","Salesperson","Sales","","aprils","Active","Unlicensed","seattle-hq","","B-3278","FALSE","CC-817","Bulk","Bulk directory volume (Sales)","Maru Subrmani","EMP218","(206) 555-0139","",""
"michaeo","Michael","Ovesen","Salesperson","Sales","","joses","Active","Unlicensed","seattle-hq","","B-3279","FALSE","CC-817","Bulk","Bulk directory volume (Sales)","Michael Ovesen","EMP205","(206) 555-0174","",""
"nancyw","Nancy","White","HR Specialist","Human Resources","","amya","Active","Unlicensed","seattle-hq","","B-3280","FALSE","CC-843","Bulk","Bulk directory volume (Human Resources)","Nancy White","EMP281","(206) 555-0167","",""
"nates","Nate","Sun","Salesperson","Sales Engagement Management","","lenea","Active","Unlicensed","remote","","B-3281","FALSE","CC-876","Bulk","Bulk directory volume (Sales Engagement Management)","Nate Sun","EMP199","(206) 555-0115","",""
"neilo","Neil","Orint","Salesperson","Sales Engagement Management","","aprils","PasswordPending","Unlicensed","us-regional","","B-3282","FALSE","CC-876","Bulk","Bulk directory volume (Sales Engagement Management)","Neil Orint","EMP201","(206) 555-0188","",""
"nunof","Nuno","Farinha","Salesperson","Sales","","davids","Active","Unlicensed","us-regional","","B-3283","FALSE","CC-817","Bulk","Bulk directory volume (Sales)","Nuno Farinha","EMP217","(206) 555-0163","",""
"patricd","Patricia","Doyle","Salesperson","Sales","","lenea","Active","Unlicensed","us-regional","","B-3284","FALSE","CC-817","Bulk","Bulk directory volume (Sales)","Patricia Doyle","EMP261","(206) 555-0175","",""
"pavels","Pavel","Simsa","Salesperson","Sales","","davids","Active","Unlicensed","seattle-hq","","B-3285","FALSE","CC-817","Bulk","Bulk directory volume (Sales)","Pavel Simsa","EMP197","(206) 555-0102","",""
"rong","Ron","Gabel","Salesperson","Sales","","aprils","Active","Unlicensed","us-regional","","B-3286","FALSE","CC-817","Bulk","Bulk directory volume (Sales)","Ron Gabel","EMP262","(206) 555-0163","",""
"scottg","Scott","Gode","Salesperson","Sales","","davids","Active","Unlicensed","seattle-hq","","B-3287","FALSE","CC-817","Bulk","Bulk directory volume (Sales)","Scott Gode","EMP223","(206) 555-0158","",""
"seanc","Sean","Chai","Director of Affiliate Marketing and Partnerships","Senior Management","","mollyc","PasswordExpired","Unlicensed","seattle-hq","","B-3288","FALSE","CC-899","Bulk","Bulk directory volume (Senior Management)","Sean Chai","EMP184","(206) 555-0196","",""
"shmuely","Shmuel","Yair","Salesperson","Sales","","davids","Active","Unlicensed","us-regional","","B-3289","FALSE","CC-817","Bulk","Bulk directory volume (Sales)","Shmuel Yair","EMP263","(206) 555-0113","",""
"svenb","Sven","Buck","Salesperson","Sales Engagement Management","","arthury","Active","Unlicensed","us-regional","","B-3290","FALSE","CC-876","Bulk","Bulk directory volume (Sales Engagement Management)","Sven Buck","EMP210","(206) 555-0167","",""
"tinal","Tina","Lassila","Salesperson","Sales","","arthury","Active","Unlicensed","seattle-hq","","B-3291","FALSE","CC-817","Bulk","Bulk directory volume (Sales)","Tina Lassila","EMP216","(206) 555-0122","",""
"tinam","Tina","Makovec","Salesperson","Sales Engagement Management","","aprils","Active","Unlicensed","us-regional","","B-3292","FALSE","CC-876","Bulk","Bulk directory volume (Sales Engagement Management)","Tina Makovec","EMP200","(206) 555-0176","",""
"tomy","Tom","Youtsey","Salesperson","Sales Engagement Management","","davids","Active","Unlicensed","seattle-hq","","B-3293","FALSE","CC-876","Bulk","Bulk directory volume (Sales Engagement Management)","Tom Youtsey","EMP191","(206) 555-0147","",""
"tyc","Ty","Carlson","Salesperson","Sales Engagement Management","","lenea","Active","Unlicensed","remote","","B-3294","FALSE","CC-876","Bulk","Bulk directory volume (Sales Engagement Management)","Ty Carlson","EMP182","(206) 555-0176","",""
"vernettp","Vernette","Price","Salesperson","Sales Engagement Management","","lenea","Active","Unlicensed","remote","","B-3295","FALSE","CC-876","Bulk","Bulk directory volume (Sales Engagement Management)","Vernette Price","EMP198","(206) 555-0146","",""
"yex","Ye","Xu","Salesperson","Sales Engagement Management","","arthury","Active","Unlicensed","us-regional","","B-3296","FALSE","CC-876","Bulk","Bulk directory volume (Sales Engagement Management)","Ye Xu","EMP194","(206) 555-0121","",""
"karenb","Karen","Berg","Sr. Account Manager","Senior Management","","juliani","Active","Unlicensed","seattle-hq","","B-3297","FALSE","CC-899","Bulk","Bulk directory volume (Senior Management)","Karen Berg","EMP221","(206) 555-0127","",""
"liw","丽","王","Marketing Specialist","Marketing","","dianep","Active","Unlicensed","seattle-hq","","B-3298","FALSE","CC-897","Bulk","Bulk directory volume (Marketing)","王　丽","EMP303","(206) 555-0122","",""
"reneed","Renée","Dubois","Marketing Manager","Marketing","","dianep","Active","Unlicensed","seattle-hq","","B-3299","FALSE","CC-897","Bulk","Bulk directory volume (Marketing)","Renée Dubois","EMP291","(206) 555-0116","",""
"toddr","Todd","Rowe","Sr. Media Planner","Senior Management","","dianep","Active","Unlicensed","seattle-hq","","B-3300","FALSE","CC-899","Bulk","Bulk directory volume (Senior Management)","Todd Rowe","EMP185","(206) 555-0151","",""
