"Key","GivenName","FamilyName","Population","Title","Department","Enabled","MfaEnabled","BadgeId","Contractor","Entitlements","Groups","Tier","Purpose"
"awhitfield","Ada","Whitfield","staff","Chief Executive","Executive","TRUE","TRUE","B-1001","FALSE","vpn;wiki;expenses","all-staff;leadership","Core","Top of the chain, and the only member of Leadership"
"jnino","José","Niño","staff","Principal Engineer","Engineering","TRUE","TRUE","B-1002","FALSE","vpn;wiki","all-staff;engineering;platform","Core","Accented name with an ASCII username, and three-deep group membership"
"zmueller","Zoë","Müller","staff","Staff Engineer","Engineering","TRUE","FALSE","B-1003","FALSE","vpn","all-staff;engineering","Core","Accented name, and MFA off where most of the directory has it on"
"mbell","Marcus","Bell","staff","Account Executive","Sales","FALSE","TRUE","B-1004","FALSE","expenses","all-staff;sales","Core","Disabled but still in every group; the half-finished offboarding that membership reports count as active"
"praghunathan","Priya","Raghunathan","staff","Financial Controller","Finance","TRUE","TRUE","B-1005","FALSE","expenses;payroll","all-staff;finance","Core","In the only group the finance application is assigned to"
"talvarez","Tomás","Álvarez","staff","Systems Architect","IT","TRUE","TRUE","B-1006","FALSE","vpn;wiki","all-staff;engineering;sales","Core","In two departments at once, so any per-user department assumption is wrong about him"
"hkobayashi","花","小林","contractors","Security Consultant","Contractors","TRUE","FALSE","C-2001","TRUE","wiki","contractors","Core","Kanji name, a contractor flag that is true, and no membership of the staff chain at all"
"ofitzgerald","Owen","Fitzgerald","contractors","UX Contractor","Contractors","TRUE","FALSE","","TRUE","","contractors","Core","No badge id and no entitlements, so a report has to cope with attributes that are simply absent"
"svcreporting","Reporting","Service","staff","Service Account","IT","TRUE","FALSE","S-9001","FALSE","","","Core","A non-human account among the people, in no group at all, which must never be mistaken for the worker application"
"pmorel","Pascale","Morel","partners","Partner Analyst","Partners","TRUE","FALSE","P-3001","TRUE","wiki","partners","Core","The only member of the population-scoped group, so adding anyone else to it has to be refused by the directory rather than by this module"
"jjiang","俊誉","姜","staff","Site Reliability Engineer","Engineering","TRUE","TRUE","B-1021","FALSE","vpn;wiki","all-staff;engineering;platform","Core","Han name, family name first, joined by an ideographic space that is not U+0020"
"tyoshida","太郎","𠮷田","staff","Build Engineer","Engineering","TRUE","TRUE","B-1022","FALSE","vpn","all-staff;engineering","Core","A surname above the basic plane, so one character is two UTF-16 units and truncation splits it"
"dvolkov","Дмитрий","Волков","staff","Infrastructure Engineer","IT","TRUE","TRUE","B-1023","FALSE","vpn","all-staff;engineering","Core","Cyrillic homoglyphs, which a duplicate check made by eye cannot tell from Latin"
"gpapadopoulos","Γιώργος","Παπαδόπουλος","staff","Financial Analyst","Finance","TRUE","FALSE","B-1024","FALSE","expenses","all-staff","Core","Greek final sigma, so upper-casing and lower-casing does not return the name. In no department group, because praghunathan is meant to be the only member the finance application admits"
"malahmad","محمد","الأحمد","staff","Network Engineer","IT","TRUE","TRUE","B-1025","FALSE","vpn;wiki","all-staff;engineering","Core","Right-to-left, stored in one order and displayed in another wherever it is joined to a Latin username"
"jmarchetti","José","Marchetti","staff","Campaign Manager","Marketing","TRUE","FALSE","B-1026","FALSE","wiki","all-staff","Core","The same José the eye reads on jnino and a different string to every comparison, because this one is stored decomposed"
"iisik","Irmak","Işık","staff","HR Advisor","Human Resources","TRUE","TRUE","B-1027","FALSE","wiki","all-staff","Core","Turkish dotted and dotless i, which lower-case differently under a Turkish culture"
"jweiss","Jürgen","Weiß","staff","Account Executive","Sales","TRUE","TRUE","B-1028","FALSE","expenses","all-staff;sales","Core","An eszett, which upper-cases into two characters and makes the name longer"
"schaudhary","सुनीता","चौधरी","staff","Data Engineer","Engineering","TRUE","TRUE","B-1029","FALSE","vpn;wiki","all-staff;engineering;platform","Core","Devanagari combining vowel signs, so character count and visible marks are different numbers"
"danj","Dan","Jump","staff","CEO","Executive","TRUE","TRUE","B-3001","FALSE","vpn;wiki","all-staff","Bulk","Bulk directory volume (Executive)"
"adamb","Adam","Barr","staff","General Manager of Professional Services","Operations","TRUE","TRUE","B-3002","FALSE","vpn;wiki","all-staff;engineering","Bulk","Bulk directory volume (Operations)"
"alans","Alan","Steiner","staff","Director of Project Management Team","Project Management","TRUE","TRUE","B-3003","FALSE","wiki","all-staff","Bulk","Bulk directory volume (Project Management)"
"chrisn","Chris","Norred","staff","Project Manager","Project Management","TRUE","FALSE","B-3004","FALSE","vpn;wiki","all-staff","Bulk","Bulk directory volume (Project Management)"
"dianet","Diane","Tibbot","staff","CFO of Professional Services","Operations","TRUE","FALSE","B-3005","FALSE","vpn;wiki","all-staff;engineering","Bulk","Bulk directory volume (Operations)"
"christk","Christine","Koch","staff","Managing Director","Engineering","TRUE","TRUE","B-3006","FALSE","","all-staff;engineering","Bulk","Bulk directory volume (Engineering)"
"frankm1","Frank","Martinez","staff","COO","Executive","TRUE","TRUE","B-3007","FALSE","","all-staff","Bulk","Bulk directory volume (Executive)"
"karimm","Karim","Manar","partners","Controller","Accounting","TRUE","TRUE","B-3008","FALSE","","partners","Bulk","Bulk directory volume (Accounting)"
"danp","Dan","Park","staff","Vice President NA Sales","Sales","TRUE","FALSE","B-3009","FALSE","vpn;wiki","all-staff;sales","Bulk","Bulk directory volume (Sales)"
"jeffh","Jeff","Hay","staff","CVP of Operations","Executive","TRUE","FALSE","B-3010","FALSE","vpn;wiki","all-staff","Bulk","Bulk directory volume (Executive)"
"garthf","Garth","Fort","staff","HR Manager","Human Resources","TRUE","TRUE","B-3011","FALSE","vpn;wiki","all-staff","Bulk","Bulk directory volume (Human Resources)"
"cesarg","Cesar","Garcia","staff","Strategy Consulting Manager","Strategy Consulting","TRUE","TRUE","B-3012","FALSE","","all-staff","Bulk","Bulk directory volume (Strategy Consulting)"
"christg","Christa","Geller","staff","CVP of Online","Executive","TRUE","TRUE","B-3013","FALSE","vpn;wiki","all-staff","Bulk","Bulk directory volume (Executive)"
"jackc","Jack","Creasey","staff","Managing Director","Sales Engagement Management","TRUE","FALSE","B-3014","FALSE","vpn;wiki","all-staff;sales","Bulk","Bulk directory volume (Sales Engagement Management)"
"davidm","David","Maman","staff","Strategy Consulting Manager","Strategy Consulting","TRUE","TRUE","B-3015","FALSE","vpn;wiki","all-staff","Bulk","Bulk directory volume (Strategy Consulting)"
"alanb","Alan","Brewer","staff","Regional Sales Manager","Sales","TRUE","TRUE","B-3016","FALSE","vpn;wiki","all-staff;sales","Bulk","Bulk directory volume (Sales)"
"davids","David","Simpson","staff","Sales Manager","Sales Engagement Management","TRUE","TRUE","B-3017","FALSE","vpn;wiki","all-staff;sales","Bulk","Bulk directory volume (Sales Engagement Management)"
"annal","Anna","Lidman","staff","SVP of Online Services","Senior Management","TRUE","FALSE","B-3018","FALSE","","all-staff","Bulk","Bulk directory volume (Senior Management)"
"eduardd","Eduard","Dell","staff","Regional Sales Manager","Sales","TRUE","TRUE","B-3019","FALSE","wiki","all-staff;sales","Bulk","Bulk directory volume (Sales)"
"spencel","Spencer","Low","staff","Regional Sales Manager","Sales","TRUE","FALSE","B-3020","FALSE","wiki","all-staff;sales","Bulk","Bulk directory volume (Sales)"
"kellyw","Kelly","Weadock","staff","CTO of Professional Services","Operations","TRUE","FALSE","B-3021","FALSE","","all-staff;engineering","Bulk","Bulk directory volume (Operations)"
"mollyc","Molly","Clark","staff","GM of Online Ad Sales and Affiliate Marketing","Senior Management","TRUE","TRUE","B-3022","FALSE","vpn;wiki","all-staff","Bulk","Bulk directory volume (Senior Management)"
"larryz","Larry","Zhang","staff","Regional Sales Manager","Sales","TRUE","TRUE","B-3023","FALSE","vpn;wiki","all-staff;sales","Bulk","Bulk directory volume (Sales)"
"arturol","Arturo","Lopez","staff","IT Director","Operations","TRUE","TRUE","B-3024","FALSE","vpn;wiki","all-staff;engineering","Bulk","Bulk directory volume (Operations)"
"aprils","April","Stewart","staff","Sales Manager","Sales","TRUE","TRUE","B-3025","FALSE","","all-staff;sales","Bulk","Bulk directory volume (Sales)"
"aaronp","Aaron","Painter","partners","Strategy Consulting Manager","Strategy Consulting","TRUE","FALSE","B-3026","FALSE","","partners","Bulk","Bulk directory volume (Strategy Consulting)"
"andrewm","Andrew","Ma","staff","Senior Project Manager","Project Management","TRUE","TRUE","B-3027","FALSE","","all-staff","Bulk","Bulk directory volume (Project Management)"
"dianep","Diane","Prescott","staff","Director of Ad Sales","Marketing","TRUE","FALSE","B-3028","FALSE","vpn;wiki","all-staff","Bulk","Bulk directory volume (Marketing)"
"arthury","Arthur","Yasinski","staff","Sales Manager","Sales Engagement Management","TRUE","FALSE","B-3029","FALSE","vpn;wiki","all-staff;sales","Bulk","Bulk directory volume (Sales Engagement Management)"
"brads","Brad","Sutton","contractors","Strategy Consulting Manager","Strategy Consulting","TRUE","TRUE","B-3030","FALSE","wiki","contractors","Bulk","Bulk directory volume (Strategy Consulting)"
"amya","Amy","Alberts","staff","HR Manager","Human Resources","TRUE","FALSE","B-3031","FALSE","vpn;wiki","all-staff","Bulk","Bulk directory volume (Human Resources)"
"stevel","Steve","Luper","staff","Regional Sales Manager","Sales","TRUE","TRUE","B-3032","FALSE","wiki","all-staff;sales","Bulk","Bulk directory volume (Sales)"
"juliani","Julian","Isla","staff","Sr. Business Development Manager","Senior Management","TRUE","TRUE","B-3033","FALSE","","all-staff","Bulk","Bulk directory volume (Senior Management)"
"scottb","Scott","Bishop","staff","Senior Project Manager","Project Management","TRUE","TRUE","B-3034","FALSE","vpn;wiki","all-staff","Bulk","Bulk directory volume (Project Management)"
"kellyk","Kelly","Krout","staff","Marketing Manager","Marketing","TRUE","TRUE","B-3035","FALSE","","all-staff","Bulk","Bulk directory volume (Marketing)"
"stano","Stan","Orme","contractors","Content Management Consulting Manager","Content Management Consulting","TRUE","FALSE","B-3036","FALSE","wiki","contractors","Bulk","Bulk directory volume (Content Management Consulting)"
"miken","Mike","Nash","staff","Senior Project Manager","Project Management","TRUE","FALSE","B-3037","FALSE","","all-staff","Bulk","Bulk directory volume (Project Management)"
"jennim","Jenni","Merrifield","staff","Strategy Consultant","Strategy Consulting","TRUE","TRUE","B-3038","FALSE","vpn;wiki","all-staff","Bulk","Bulk directory volume (Strategy Consulting)"
"keithd","Keith","Dishmo","staff","Procurement Manager","Operations","TRUE","TRUE","B-3039","FALSE","vpn;wiki","all-staff;engineering","Bulk","Bulk directory volume (Operations)"
"joses","Jose","Saraiva","staff","Sales Manager","Sales","TRUE","TRUE","B-3040","FALSE","wiki","all-staff;sales","Bulk","Bulk directory volume (Sales)"
"lenea","Lene","Aalling","staff","Sales Manager","Sales Engagement Management","TRUE","TRUE","B-3041","FALSE","wiki","all-staff;sales","Bulk","Bulk directory volume (Sales Engagement Management)"
"barryj","Barry","Johnson","staff","Project Manager","Project Management","TRUE","TRUE","B-3042","FALSE","vpn;wiki","all-staff","Bulk","Bulk directory volume (Project Management)"
"ellena","Ellen","Adams","partners","Strategy Consulting Manager","Strategy Consulting","TRUE","TRUE","B-3043","FALSE","","partners","Bulk","Bulk directory volume (Strategy Consulting)"
"bens","Ben","Spain","staff","Manager","Operations","TRUE","TRUE","B-3044","FALSE","wiki","all-staff;engineering","Bulk","Bulk directory volume (Operations)"
"davidz","David","Zazzo","staff","Managing Director","Engineering Operations","TRUE","TRUE","B-3045","FALSE","vpn;wiki","all-staff;engineering","Bulk","Bulk directory volume (Engineering Operations)"
"carolt","Carol","Troup","staff","Strategy Consulting Manager","Engineering Operations","TRUE","TRUE","B-3046","FALSE","vpn;wiki","all-staff;engineering","Bulk","Bulk directory volume (Engineering Operations)"
"erikac","Erika","Cheley","staff","Manager","Operations","TRUE","FALSE","B-3047","FALSE","vpn;wiki","all-staff;engineering","Bulk","Bulk directory volume (Operations)"
"briang","Brian","Groth","staff","Project Manager","Project Management","TRUE","TRUE","B-3048","FALSE","vpn;wiki","all-staff","Bulk","Bulk directory volume (Project Management)"
"syeda","Syed","Abbas","staff","CRM Consulting Manager","CRM Strategy","TRUE","TRUE","B-3049","FALSE","","all-staff","Bulk","Bulk directory volume (CRM Strategy)"
"pedert","Peder","Thode","staff","Content Management Consultant","Content Management Consulting","TRUE","TRUE","B-3050","FALSE","vpn;wiki","all-staff","Bulk","Bulk directory volume (Content Management Consulting)"
"maryc","Mary","Cha","staff","Content Management Consultant","Content Management Consulting","TRUE","FALSE","B-3051","FALSE","wiki","all-staff","Bulk","Bulk directory volume (Content Management Consulting)"
"lisaa","Lisa","Andrews","staff","Content Management Consultant","Content Management Consulting","TRUE","TRUE","B-3052","FALSE","vpn;wiki","all-staff","Bulk","Bulk directory volume (Content Management Consulting)"
"jiml","Jim","Lucey","staff","Content Management Consultant","Content Management Consulting","TRUE","TRUE","B-3053","FALSE","vpn;wiki","all-staff","Bulk","Bulk directory volume (Content Management Consulting)"
"garethc","Gareth","Chan","staff","Content Management Consultant","Content Management Consulting","TRUE","TRUE","B-3054","FALSE","","all-staff","Bulk","Bulk directory volume (Content Management Consulting)"
"karinl","Karin","Lamb","staff","CRM Consultant","CRM Strategy","TRUE","FALSE","B-3055","FALSE","vpn;wiki","all-staff","Bulk","Bulk directory volume (CRM Strategy)"
"davidh","David","Hamilton","staff","CRM Consultant","Content Management Consulting","TRUE","TRUE","B-3056","FALSE","wiki","all-staff","Bulk","Bulk directory volume (Content Management Consulting)"
"meravs","Merav","Sror","staff","CRM Consultant","CRM Strategy","TRUE","FALSE","B-3057","FALSE","vpn;wiki","all-staff","Bulk","Bulk directory volume (CRM Strategy)"
"reinac","Reina","Cabatana","staff","Content Management Consultant","Content Management Consulting","TRUE","FALSE","B-3058","FALSE","vpn;wiki","all-staff","Bulk","Bulk directory volume (Content Management Consulting)"
"robiny","Robin","Young","staff","Content Management Consultant","Content Management Consulting","TRUE","TRUE","B-3059","FALSE","vpn;wiki","all-staff","Bulk","Bulk directory volume (Content Management Consulting)"
"peters","Peter","Saddow","staff","Content Management Consultant","Content Management Consulting","TRUE","FALSE","B-3060","FALSE","wiki","all-staff","Bulk","Bulk directory volume (Content Management Consulting)"
"vladime","Vladimir","Egorov","partners","Content Management Consultant","Content Management Consulting","TRUE","TRUE","B-3061","FALSE","","partners","Bulk","Bulk directory volume (Content Management Consulting)"
"estherv","Esther","Valle","contractors","Content Management Consultant","Content Management Consulting","TRUE","FALSE","B-3062","FALSE","wiki","contractors","Bulk","Bulk directory volume (Content Management Consulting)"
"lorik","Lori","Kane","staff","Strategy Consultant","Strategy Consulting","TRUE","TRUE","B-3063","FALSE","wiki","all-staff","Bulk","Bulk directory volume (Strategy Consulting)"
"cliffd","Cliff","Diddier","staff","Engineer","Engineering Operations","TRUE","FALSE","B-3064","FALSE","wiki","all-staff;engineering","Bulk","Bulk directory volume (Engineering Operations)"
"cheny","Chen","Yang","staff","Engineer","Engineering Operations","TRUE","TRUE","B-3065","FALSE","wiki","all-staff;engineering","Bulk","Bulk directory volume (Engineering Operations)"
"bernart","Bernard","Tham","staff","Engineer","Engineering Operations","TRUE","FALSE","B-3066","FALSE","vpn;wiki","all-staff;engineering","Bulk","Bulk directory volume (Engineering Operations)"
"aris","Ari","Suominen","partners","Engineer","Engineering Operations","TRUE","FALSE","B-3067","FALSE","","partners","Bulk","Bulk directory volume (Engineering Operations)"
"anud","Anu","Deshpande","staff","Engineer","Creative","TRUE","FALSE","B-3068","FALSE","wiki","all-staff","Bulk","Bulk directory volume (Creative)"
"allang","Allan","Guinot","staff","Engineer","Engineering Operations","TRUE","FALSE","B-3069","FALSE","wiki","all-staff;engineering","Bulk","Bulk directory volume (Engineering Operations)"
"tobyn","Toby","Nixon","staff","CRM Consultant","CRM Strategy","TRUE","TRUE","B-3070","FALSE","wiki","all-staff","Bulk","Bulk directory volume (CRM Strategy)"
"tado","Tad","Orman","staff","CRM Consultant","CRM Strategy","TRUE","TRUE","B-3071","FALSE","","all-staff","Bulk","Bulk directory volume (CRM Strategy)"
"jeffw","Jeff","Williams","staff","CRM Consultant","CRM Strategy","TRUE","TRUE","B-3072","FALSE","vpn;wiki","all-staff","Bulk","Bulk directory volume (CRM Strategy)"
"frankm","Frank","Miller","contractors","Strategy Consultant","Strategy Consulting","TRUE","FALSE","B-3073","FALSE","wiki","contractors","Bulk","Bulk directory volume (Strategy Consulting)"
"williav","William","Vong","staff","Strategy Consultant","Strategy Consulting","TRUE","FALSE","B-3074","FALSE","vpn;wiki","all-staff","Bulk","Bulk directory volume (Strategy Consulting)"
"sameert","Sameer","Tejani","staff","Strategy Consultant","Strategy Consulting","TRUE","TRUE","B-3075","FALSE","wiki","all-staff","Bulk","Bulk directory volume (Strategy Consulting)"
"jonj","Jon","Jaffe","staff","Strategy Consultant","Strategy Consulting","TRUE","TRUE","B-3076","FALSE","wiki","all-staff","Bulk","Bulk directory volume (Strategy Consulting)"
"miker","Mike","Ray","staff","Strategy Consultant","Strategy Consulting","TRUE","TRUE","B-3077","FALSE","wiki","all-staff","Bulk","Bulk directory volume (Strategy Consulting)"
"roberto","Robert","O'Hara","partners","Content Management Consultant","Content Management Consulting","TRUE","TRUE","B-3078","FALSE","","partners","Bulk","Bulk directory volume (Content Management Consulting)"
"lisam","Lisa","Miller","staff","Strategy Consultant","Strategy Consulting","TRUE","TRUE","B-3079","FALSE","vpn;wiki","all-staff","Bulk","Bulk directory volume (Strategy Consulting)"
"jasonc","Jason","Carlson","staff","CRM Consultant","CRM Strategy","TRUE","FALSE","B-3080","FALSE","vpn;wiki","all-staff","Bulk","Bulk directory volume (CRM Strategy)"
"jimc","Jim","Corbin","staff","Strategy Consultant","Strategy Consulting","TRUE","TRUE","B-3081","FALSE","wiki","all-staff","Bulk","Bulk directory volume (Strategy Consulting)"
"jesuse","Jesus","Escolar","staff","Strategy Consultant","Strategy Consulting","TRUE","TRUE","B-3082","FALSE","","all-staff","Bulk","Bulk directory volume (Strategy Consulting)"
"idanr","Idan","Rubin","staff","Strategy Consultant","Strategy Consulting","TRUE","FALSE","B-3083","FALSE","vpn;wiki","all-staff","Bulk","Bulk directory volume (Strategy Consulting)"
"donh","Don","Hall","staff","Strategy Consultant","Strategy Consulting","TRUE","FALSE","B-3084","FALSE","","all-staff","Bulk","Bulk directory volume (Strategy Consulting)"
"blained","Blaine","Dockter","staff","Strategy Consultant","Strategy Consulting","TRUE","TRUE","B-3085","FALSE","vpn;wiki","all-staff","Bulk","Bulk directory volume (Strategy Consulting)"
"annew","Anne","Weiler","staff","Strategy Consultant","Strategy Consulting","TRUE","TRUE","B-3086","FALSE","","all-staff","Bulk","Bulk directory volume (Strategy Consulting)"
"allisob","Allison","Brown","staff","Strategy Consultant","Strategy Consulting","TRUE","TRUE","B-3087","FALSE","wiki","all-staff","Bulk","Bulk directory volume (Strategy Consulting)"
"valeryu","Valery","Ushakov","staff","Engineer","Engineering Operations","TRUE","TRUE","B-3088","FALSE","vpn;wiki","all-staff;engineering","Bulk","Bulk directory volume (Engineering Operations)"
"toshm","Tosh","Meston","staff","CRM Consultant","CRM Strategy","TRUE","TRUE","B-3089","FALSE","","all-staff","Bulk","Bulk directory volume (CRM Strategy)"
"sanjayp","Sanjay","Patel","partners","Content Management Consultant","Content Management Consulting","TRUE","TRUE","B-3090","FALSE","","partners","Bulk","Bulk directory volume (Content Management Consulting)"
"rolandw","Roland","Wacker","staff","Strategy Consultant","Strategy Consulting","TRUE","FALSE","B-3091","FALSE","wiki","all-staff","Bulk","Bulk directory volume (Strategy Consulting)"
"davidd","David","Derwin","contractors","Project Manager","1099 Contractor","TRUE","FALSE","B-3092","TRUE","","contractors","Bulk","Bulk directory volume (1099 Contractor)"
"johny","John","Yokum","staff","Strategy Consultant","Strategy Consulting","TRUE","FALSE","B-3093","FALSE","wiki","all-staff","Bulk","Bulk directory volume (Strategy Consulting)"
"scottr","Scott","Rockfield","contractors","Project Manager","1099 Contractor","TRUE","FALSE","B-3094","TRUE","vpn;wiki","contractors","Bulk","Bulk directory volume (1099 Contractor)"
"humbera","Humberto","Acevedo","contractors","Project Manager","1099 Contractor","TRUE","TRUE","B-3095","TRUE","vpn;wiki","contractors","Bulk","Bulk directory volume (1099 Contractor)"
"davids1","David","So","contractors","Project Manager","1099 Contractor","TRUE","TRUE","B-3096","TRUE","vpn;wiki","contractors","Bulk","Bulk directory volume (1099 Contractor)"
"andersm","Anders","Madsen","contractors","Project Manager","1099 Contractor","TRUE","FALSE","B-3097","TRUE","","contractors","Bulk","Bulk directory volume (1099 Contractor)"
"alexans","Alexandre","Silva","contractors","Project Manager","1099 Contractor","TRUE","TRUE","B-3098","TRUE","","contractors","Bulk","Bulk directory volume (1099 Contractor)"
"stuartm","Stuart","Munson","contractors","Project Manager","1099 Contractor","TRUE","FALSE","B-3099","TRUE","vpn;wiki","contractors","Bulk","Bulk directory volume (1099 Contractor)"
"qiongw","Qiong","Wu","contractors","Project Manager","1099 Contractor","TRUE","TRUE","B-3100","TRUE","wiki","contractors","Bulk","Bulk directory volume (1099 Contractor)"
"michiko","Michiko","Osada","contractors","Project Manager","1099 Contractor","TRUE","TRUE","B-3101","TRUE","","contractors","Bulk","Bulk directory volume (1099 Contractor)"
"michaez","Michael","Zeman","contractors","Project Manager","1099 Contractor","TRUE","FALSE","B-3102","TRUE","wiki","contractors","Bulk","Bulk directory volume (1099 Contractor)"
"maurict","Maurice","Taylor","contractors","Project Manager","1099 Contractor","TRUE","FALSE","B-3103","TRUE","vpn;wiki","contractors","Bulk","Bulk directory volume (1099 Contractor)"
"guidop","Guido","Pica","contractors","Project Manager","1099 Contractor","TRUE","TRUE","B-3104","TRUE","wiki","contractors","Bulk","Bulk directory volume (1099 Contractor)"
"jessica","Jessica","Arnold","contractors","Project Manager","1099 Contractor","TRUE","TRUE","B-3105","TRUE","wiki","contractors","Bulk","Bulk directory volume (1099 Contractor)"
"chasec","Chase","Carpenter","staff","Accountant","Accounting","TRUE","TRUE","B-3106","FALSE","vpn;wiki","all-staff","Bulk","Bulk directory volume (Accounting)"
"terrenp","Terrence","Phillip","contractors","Strategy Consultant","1099 Contractor","TRUE","TRUE","B-3107","TRUE","wiki","contractors","Bulk","Bulk directory volume (1099 Contractor)"
"hugog","Hugo","Garcia","contractors","Strategy Consultant","1099 Contractor","TRUE","TRUE","B-3108","TRUE","","contractors","Bulk","Bulk directory volume (1099 Contractor)"
"jeremyl","Jeremy","Los","contractors","Strategy Consultant","1099 Contractor","TRUE","FALSE","B-3109","TRUE","","contractors","Bulk","Bulk directory volume (1099 Contractor)"
"johng","John","Ganio","contractors","Strategy Consultant","1099 Contractor","TRUE","TRUE","B-3110","TRUE","vpn;wiki","contractors","Bulk","Bulk directory volume (1099 Contractor)"
"linaa","Lina","Abola","contractors","Strategy Consultant","1099 Contractor","TRUE","FALSE","B-3111","TRUE","","contractors","Bulk","Bulk directory volume (1099 Contractor)"
"markh","Mark","Hanson","contractors","Strategy Consultant","1099 Contractor","TRUE","TRUE","B-3112","TRUE","","contractors","Bulk","Bulk directory volume (1099 Contractor)"
"jakas","Jaka","Stele","contractors","Project Manager","1099 Contractor","TRUE","TRUE","B-3113","TRUE","wiki","contractors","Bulk","Bulk directory volume (1099 Contractor)"
"stevenw","Steven","Wright","contractors","Strategy Consultant","1099 Contractor","TRUE","TRUE","B-3114","TRUE","","contractors","Bulk","Bulk directory volume (1099 Contractor)"
"doughm","Dough","Mahugh","contractors","Project Manager","1099 Contractor","TRUE","TRUE","B-3115","TRUE","wiki","contractors","Bulk","Bulk directory volume (1099 Contractor)"
"andread","Andrea","Dunker","contractors","Project Manager","1099 Contractor","TRUE","FALSE","B-3116","TRUE","vpn;wiki","contractors","Bulk","Bulk directory volume (1099 Contractor)"
"carlosg","Carlos","Grilo","contractors","Project Manager","1099 Contractor","TRUE","TRUE","B-3117","TRUE","vpn;wiki","contractors","Bulk","Bulk directory volume (1099 Contractor)"
"chrism","Chris","McGurk","contractors","Project Manager","1099 Contractor","TRUE","FALSE","B-3118","TRUE","","contractors","Bulk","Bulk directory volume (1099 Contractor)"
"danb","Dan","Bacon","contractors","Project Manager","1099 Contractor","TRUE","TRUE","B-3119","TRUE","","contractors","Bulk","Bulk directory volume (1099 Contractor)"
"danield","Daniel","Durrer","contractors","Project Manager","1099 Contractor","TRUE","FALSE","B-3120","TRUE","vpn;wiki","contractors","Bulk","Bulk directory volume (1099 Contractor)"
"jamesw","James","Wittrell","staff","Accountant","Accounting","TRUE","TRUE","B-3121","FALSE","wiki","all-staff","Bulk","Bulk directory volume (Accounting)"
"scottm","Scott","MacDonald","contractors","Strategy Consultant","1099 Contractor","TRUE","TRUE","B-3122","TRUE","wiki","contractors","Bulk","Bulk directory volume (1099 Contractor)"
"reneel","Renee","Lo","staff","Strategy Consultant","Strategy Consulting","TRUE","TRUE","B-3123","FALSE","vpn;wiki","all-staff","Bulk","Bulk directory volume (Strategy Consulting)"
"carid","Cari","Drummelle","staff","Content Management Consultant","Content Management Consulting","TRUE","FALSE","B-3124","FALSE","wiki","all-staff","Bulk","Bulk directory volume (Content Management Consulting)"
"alfonsp","Alfons","Parovszky","staff","Content Management Consultant","Content Management Consulting","TRUE","TRUE","B-3125","FALSE","","all-staff","Bulk","Bulk directory volume (Content Management Consulting)"
"matth","Matt","Hink","staff","Content Management Consultant","Content Management Consulting","TRUE","FALSE","B-3126","FALSE","","all-staff","Bulk","Bulk directory volume (Content Management Consulting)"
"lorrain","Lorraine","Nay","staff","CRM Consultant","CRM Strategy","TRUE","FALSE","B-3127","FALSE","wiki","all-staff","Bulk","Bulk directory volume (CRM Strategy)"
"ibent","Iben","Thorell","staff","Strategy Consultant","Strategy Consulting","TRUE","TRUE","B-3128","FALSE","","all-staff","Bulk","Bulk directory volume (Strategy Consulting)"
"magnush","Magnus","Hedlund","staff","Business Process Manager","Content Management Consulting","TRUE","TRUE","B-3129","FALSE","vpn;wiki","all-staff","Bulk","Bulk directory volume (Content Management Consulting)"
"erica","Erik","Andersen","staff","Content Management Consultant","Content Management Consulting","TRUE","TRUE","B-3130","FALSE","","all-staff","Bulk","Bulk directory volume (Content Management Consulting)"
"corinnb","Corinna","Bolender","staff","Engineer","Engineering Operations","TRUE","FALSE","B-3131","FALSE","wiki","all-staff;engineering","Bulk","Bulk directory volume (Engineering Operations)"
"treyp","Trey","Pratt","staff","Strategy Consultant","Strategy Consulting","TRUE","TRUE","B-3132","FALSE","vpn;wiki","all-staff","Bulk","Bulk directory volume (Strategy Consulting)"
"johnk","John","Kane","staff","Salesperson","Sales","TRUE","TRUE","B-3133","FALSE","","all-staff;sales","Bulk","Bulk directory volume (Sales)"
"parnak","Parna","Khot","partners","Strategy Consultant","Strategy Consulting","TRUE","TRUE","B-3134","FALSE","","partners","Bulk","Bulk directory volume (Strategy Consulting)"
"kimr","Kim","Ralls","staff","Strategy Consultant","Strategy Consulting","TRUE","TRUE","B-3135","FALSE","wiki","all-staff","Bulk","Bulk directory volume (Strategy Consulting)"
"jank","Jan","Kotas","staff","Strategy Consultant","Strategy Consulting","TRUE","TRUE","B-3136","FALSE","wiki","all-staff","Bulk","Bulk directory volume (Strategy Consulting)"
"thomash","Thomas","Hamborg","contractors","Project Manager","1099 Contractor","TRUE","TRUE","B-3137","TRUE","wiki","contractors","Bulk","Bulk directory volume (1099 Contractor)"
"lolans","Lolan","Song","staff","Strategy Consultant","Strategy Consulting","TRUE","FALSE","B-3138","FALSE","","all-staff","Bulk","Bulk directory volume (Strategy Consulting)"
"larsh","Lars","Hansson","staff","Accounting Manager","Accounting","TRUE","TRUE","B-3139","FALSE","wiki","all-staff","Bulk","Bulk directory volume (Accounting)"
"jillf","Jill","Frank","staff","Accountant","Accounting","TRUE","FALSE","B-3140","FALSE","wiki","all-staff","Bulk","Bulk directory volume (Accounting)"
"joell","Joel","Lachance","staff","Accountant","Accounting","TRUE","FALSE","B-3141","FALSE","wiki","all-staff","Bulk","Bulk directory volume (Accounting)"
"johne","John","John","staff","Strategy Consultant","Strategy Consulting","TRUE","TRUE","B-3142","FALSE","vpn;wiki","all-staff","Bulk","Bulk directory volume (Strategy Consulting)"
"junc","Jun","Cao","staff","Strategy Consultant","Strategy Consulting","TRUE","TRUE","B-3143","FALSE","vpn;wiki","all-staff","Bulk","Bulk directory volume (Strategy Consulting)"
"tonyw","Tony","Wang","staff","Strategy Consultant","Strategy Consulting","TRUE","TRUE","B-3144","FALSE","wiki","all-staff","Bulk","Bulk directory volume (Strategy Consulting)"
"kennetc","Kenneth","Cools","staff","Strategy Consultant","Strategy Consulting","TRUE","TRUE","B-3145","FALSE","wiki","all-staff","Bulk","Bulk directory volume (Strategy Consulting)"
"stevem","Steve","Masters","staff","Strategy Consultant","Strategy Consulting","TRUE","TRUE","B-3146","FALSE","","all-staff","Bulk","Bulk directory volume (Strategy Consulting)"
"lubork","Lubor","Kollar","staff","Strategy Consultant","Strategy Consulting","TRUE","TRUE","B-3147","FALSE","wiki","all-staff","Bulk","Bulk directory volume (Strategy Consulting)"
"michael","Michael","Ludwig","staff","Strategy Consultant","Strategy Consulting","TRUE","TRUE","B-3148","FALSE","vpn;wiki","all-staff","Bulk","Bulk directory volume (Strategy Consulting)"
"michal1","Michael","Lund","staff","Strategy Consultant","Strategy Consulting","TRUE","FALSE","B-3149","FALSE","wiki","all-staff","Bulk","Bulk directory volume (Strategy Consulting)"
"michaes","Michael","Sullivan","staff","Strategy Consultant","Strategy Consulting","TRUE","FALSE","B-3150","FALSE","","all-staff","Bulk","Bulk directory volume (Strategy Consulting)"
"rayc","Ray","Chow","staff","Strategy Consultant","Strategy Consulting","TRUE","TRUE","B-3151","FALSE","vpn;wiki","all-staff","Bulk","Bulk directory volume (Strategy Consulting)"
"dianeg","Diane","Glimp","staff","Content Management Consultant","Content Management Consulting","TRUE","TRUE","B-3152","FALSE","vpn;wiki","all-staff","Bulk","Bulk directory volume (Content Management Consulting)"
"kenm","Ken","Malcolmson","staff","Strategy Consultant","Strategy Consulting","TRUE","TRUE","B-3153","FALSE","vpn;wiki","all-staff","Bulk","Bulk directory volume (Strategy Consulting)"
"manueam","Manueal","Machado","staff","Senior Project Manager","Project Management","TRUE","TRUE","B-3154","FALSE","","all-staff","Bulk","Bulk directory volume (Project Management)"
"lucad","Luca","Dellamore","staff","Salesperson","Sales","TRUE","TRUE","B-3155","FALSE","vpn;wiki","all-staff;sales","Bulk","Bulk directory volume (Sales)"
"ivos","Ivo","Salmre","staff","Project Manager","Project Management","TRUE","TRUE","B-3156","FALSE","","all-staff","Bulk","Bulk directory volume (Project Management)"
"howardg","Howard","Gonzalez","contractors","Salesperson","Sales","TRUE","TRUE","B-3157","FALSE","wiki","contractors","Bulk","Bulk directory volume (Sales)"
"elizaba","Elizabeth","Andersen","staff","Salesperson","Sales","TRUE","FALSE","B-3158","FALSE","vpn;wiki","all-staff;sales","Bulk","Bulk directory volume (Sales)"
"denisd","Denis","Dehenne","staff","Project Manager","Project Management","TRUE","TRUE","B-3159","FALSE","","all-staff","Bulk","Bulk directory volume (Project Management)"
"davidw","David","Wright","staff","Salesperson","Sales","TRUE","FALSE","B-3160","FALSE","","all-staff;sales","Bulk","Bulk directory volume (Sales)"
"chrisb","Chris","Barry","contractors","Project Manager","Project Management","TRUE","TRUE","B-3161","FALSE","wiki","contractors","Bulk","Bulk directory volume (Project Management)"
"aylak","Ayla","Kol","staff","Project Manager","Project Management","TRUE","FALSE","B-3162","FALSE","","all-staff","Bulk","Bulk directory volume (Project Management)"
"alisal","Alisa","Lawyer","staff","Project Manager","Project Management","TRUE","FALSE","B-3163","FALSE","vpn;wiki","all-staff","Bulk","Bulk directory volume (Project Management)"
"simonr","Simon","Rapier","staff","Senior Project Manager","Project Management","TRUE","TRUE","B-3164","FALSE","","all-staff","Bulk","Bulk directory volume (Project Management)"
"robb","Rob","Barker","staff","Project Manager","Project Management","TRUE","FALSE","B-3165","FALSE","","all-staff","Bulk","Bulk directory volume (Project Management)"
"hazema","Hazem","Abolrous","staff","Salesperson","Sales","TRUE","TRUE","B-3166","FALSE","vpn;wiki","all-staff;sales","Bulk","Bulk directory volume (Sales)"
"nedf","Ned","Friend","staff","Project Manager","Project Management","TRUE","FALSE","B-3167","FALSE","","all-staff","Bulk","Bulk directory volume (Project Management)"
"richart","Richard","Tupy","staff","Project Manager","Project Management","TRUE","TRUE","B-3168","FALSE","vpn;wiki","all-staff","Bulk","Bulk directory volume (Project Management)"
"donf","Don","Funk","staff","Project Manager","Project Management","TRUE","TRUE","B-3169","FALSE","vpn;wiki","all-staff","Bulk","Bulk directory volume (Project Management)"
"daven","Dave","Natsuhara","staff","Project Manager","Project Management","TRUE","FALSE","B-3170","FALSE","","all-staff","Bulk","Bulk directory volume (Project Management)"
"christr","Christian","Rytt","partners","Project Manager","Project Management","TRUE","TRUE","B-3171","FALSE","","partners","Bulk","Bulk directory volume (Project Management)"
"tedb","Ted","Bremer","staff","Business Process Manager","Project Management","TRUE","FALSE","B-3172","FALSE","wiki","all-staff","Bulk","Bulk directory volume (Project Management)"
"seanp","Sean","Purcell","staff","Business Process Manager","Project Management","TRUE","TRUE","B-3173","FALSE","","all-staff","Bulk","Bulk directory volume (Project Management)"
"raym","Ray","Mohrman","staff","Senior Project Manager","Project Management","TRUE","TRUE","B-3174","FALSE","wiki","all-staff","Bulk","Bulk directory volume (Project Management)"
"miket","Mike","Tiano","staff","Business Process Manager","Project Management","TRUE","TRUE","B-3175","FALSE","wiki","all-staff","Bulk","Bulk directory volume (Project Management)"
"margara","Margaret","Au","staff","Business Process Manager","Project Management","TRUE","FALSE","B-3176","FALSE","","all-staff","Bulk","Bulk directory volume (Project Management)"
"jespera","Jesper","Aaberg","staff","Project Manager","Project Management","TRUE","FALSE","B-3177","FALSE","","all-staff","Bulk","Bulk directory volume (Project Management)"
"dannio","Danni","Ortman","staff","Senior Project Manager","Project Management","TRUE","TRUE","B-3178","FALSE","vpn;wiki","all-staff","Bulk","Bulk directory volume (Project Management)"
"andyj","Andy","Jacobs","staff","Senior Project Manager","Project Management","TRUE","TRUE","B-3179","FALSE","vpn;wiki","all-staff","Bulk","Bulk directory volume (Project Management)"
"mchielw","Mchiel","Wories","staff","Procurement Manager","Operations","TRUE","FALSE","B-3180","FALSE","wiki","all-staff;engineering","Bulk","Bulk directory volume (Operations)"
"nuriag","Nuria","Gonzalez","staff","Senior Project Manager","Project Management","TRUE","TRUE","B-3181","FALSE","vpn;wiki","all-staff","Bulk","Bulk directory volume (Project Management)"
"tyc","Ty","Carlson","staff","Salesperson","Sales Engagement Management","TRUE","FALSE","B-3182","FALSE","","all-staff;sales","Bulk","Bulk directory volume (Sales Engagement Management)"
"cassieh","Cassie","Hicks","staff","Director of Client Services","Senior Management","TRUE","FALSE","B-3183","FALSE","wiki","all-staff","Bulk","Bulk directory volume (Senior Management)"
"seanc","Sean","Chai","staff","Director of Affiliate Marketing and Partnerships","Senior Management","TRUE","TRUE","B-3184","FALSE","vpn;wiki","all-staff","Bulk","Bulk directory volume (Senior Management)"
"toddr","Todd","Rowe","staff","Sr. Media Planner","Senior Management","TRUE","FALSE","B-3185","FALSE","","all-staff","Bulk","Bulk directory volume (Senior Management)"
"tail","Tai","Lee","staff","President of Services","CVP of IT","TRUE","FALSE","B-3186","FALSE","","all-staff;engineering","Bulk","Bulk directory volume (CVP of IT)"
"gregw","Greg","Winston","staff","President of Management","Senior Management","TRUE","FALSE","B-3187","FALSE","","all-staff","Bulk","Bulk directory volume (Senior Management)"
"sanjays","Sanjay","Shah","staff","Chief of Technical Strategy","Executive","TRUE","FALSE","B-3188","FALSE","wiki","all-staff","Bulk","Bulk directory volume (Executive)"
"tonip","Toni","Poe","staff","Chief of Partnerships and Strategy","Executive","TRUE","TRUE","B-3189","FALSE","","all-staff","Bulk","Bulk directory volume (Executive)"
"jimd","Jim","Daly","staff","CFO","Executive","TRUE","TRUE","B-3190","FALSE","wiki","all-staff","Bulk","Bulk directory volume (Executive)"
"tomy","Tom","Youtsey","staff","Salesperson","Sales Engagement Management","TRUE","TRUE","B-3191","FALSE","","all-staff;sales","Bulk","Bulk directory volume (Sales Engagement Management)"
"kerimh","Kerim","Hanif","staff","Salesperson","Sales Engagement Management","TRUE","TRUE","B-3192","FALSE","vpn;wiki","all-staff;sales","Bulk","Bulk directory volume (Sales Engagement Management)"
"jamier","Jamie","Reding","staff","Salesperson","Sales Engagement Management","TRUE","TRUE","B-3193","FALSE","vpn;wiki","all-staff;sales","Bulk","Bulk directory volume (Sales Engagement Management)"
"yex","Ye","Xu","staff","Salesperson","Sales Engagement Management","TRUE","TRUE","B-3194","FALSE","","all-staff;sales","Bulk","Bulk directory volume (Sales Engagement Management)"
"markoz","Marko","Zajc","staff","Salesperson","Sales","TRUE","TRUE","B-3195","FALSE","","all-staff;sales","Bulk","Bulk directory volume (Sales)"
"fabricc","Fabrice","Canel","staff","Salesperson","Sales Engagement Management","TRUE","TRUE","B-3196","FALSE","wiki","all-staff;sales","Bulk","Bulk directory volume (Sales Engagement Management)"
"pavels","Pavel","Simsa","staff","Salesperson","Sales","TRUE","FALSE","B-3197","FALSE","","all-staff;sales","Bulk","Bulk directory volume (Sales)"
"vernettp","Vernette","Price","staff","Salesperson","Sales Engagement Management","TRUE","FALSE","B-3198","FALSE","wiki","all-staff;sales","Bulk","Bulk directory volume (Sales Engagement Management)"
"nates","Nate","Sun","staff","Salesperson","Sales Engagement Management","TRUE","TRUE","B-3199","FALSE","wiki","all-staff;sales","Bulk","Bulk directory volume (Sales Engagement Management)"
"tinam","Tina","Makovec","staff","Salesperson","Sales Engagement Management","TRUE","FALSE","B-3200","FALSE","wiki","all-staff;sales","Bulk","Bulk directory volume (Sales Engagement Management)"
"neilo","Neil","Orint","staff","Salesperson","Sales Engagement Management","TRUE","TRUE","B-3201","FALSE","","all-staff;sales","Bulk","Bulk directory volume (Sales Engagement Management)"
"lukaa","Luka","Abrus","partners","Salesperson","Sales Engagement Management","TRUE","FALSE","B-3202","FALSE","","partners","Bulk","Bulk directory volume (Sales Engagement Management)"
"euang","Euan","Garden","staff","Salesperson","Sales Engagement Management","TRUE","FALSE","B-3203","FALSE","wiki","all-staff;sales","Bulk","Bulk directory volume (Sales Engagement Management)"
"eranh","Eran","Harel","staff","Salesperson","Sales","TRUE","FALSE","B-3204","FALSE","wiki","all-staff;sales","Bulk","Bulk directory volume (Sales)"
"michaeo","Michael","Ovesen","staff","Salesperson","Sales","TRUE","TRUE","B-3205","FALSE","wiki","all-staff;sales","Bulk","Bulk directory volume (Sales)"
"kima","Kim","Abercrombie","staff","Salesperson","Sales","TRUE","FALSE","B-3206","FALSE","vpn;wiki","all-staff;sales","Bulk","Bulk directory volume (Sales)"
"roby","Rob","Young","partners","IT Manager","Operations","TRUE","TRUE","B-3207","FALSE","","partners","Bulk","Bulk directory volume (Operations)"
"terrye","Terry","Earls","staff","Project Manager","Project Management","TRUE","FALSE","B-3208","FALSE","vpn;wiki","all-staff","Bulk","Bulk directory volume (Project Management)"
"michaem","Michael","Mainer","staff","Manager","Operations","TRUE","FALSE","B-3209","FALSE","","all-staff;engineering","Bulk","Bulk directory volume (Operations)"
"svenb","Sven","Buck","staff","Salesperson","Sales Engagement Management","TRUE","TRUE","B-3210","FALSE","vpn;wiki","all-staff;sales","Bulk","Bulk directory volume (Sales Engagement Management)"
"ericg","Eric","Gruber","staff","Salesperson","Sales","TRUE","TRUE","B-3211","FALSE","vpn;wiki","all-staff;sales","Bulk","Bulk directory volume (Sales)"
"jellev","Jelle","Visser","staff","Procurement Manager","Operations","TRUE","TRUE","B-3212","FALSE","vpn;wiki","all-staff;engineering","Bulk","Bulk directory volume (Operations)"
"erikg","Erik","Gubbels","staff","Salesperson","Sales","TRUE","TRUE","B-3213","FALSE","vpn;wiki","all-staff;sales","Bulk","Bulk directory volume (Sales)"
"dominip","Dominik","Paiha","staff","Salesperson","Sales","TRUE","FALSE","B-3214","FALSE","","all-staff;sales","Bulk","Bulk directory volume (Sales)"
"danh","Dan","Hough","staff","Salesperson","Sales","TRUE","FALSE","B-3215","FALSE","","all-staff;sales","Bulk","Bulk directory volume (Sales)"
"tinal","Tina","Lassila","staff","Salesperson","Sales","TRUE","FALSE","B-3216","FALSE","wiki","all-staff;sales","Bulk","Bulk directory volume (Sales)"
"nunof","Nuno","Farinha","contractors","Salesperson","Sales","TRUE","TRUE","B-3217","FALSE","wiki","contractors","Bulk","Bulk directory volume (Sales)"
"marus","Maru","Subrmani","staff","Salesperson","Sales","TRUE","TRUE","B-3218","FALSE","wiki","all-staff;sales","Bulk","Bulk directory volume (Sales)"
"marcf","Marc","Faerber","staff","Salesperson","Sales","TRUE","TRUE","B-3219","FALSE","","all-staff;sales","Bulk","Bulk directory volume (Sales)"
"karif","Kari","Furse","staff","Salesperson","Sales","TRUE","FALSE","B-3220","FALSE","","all-staff;sales","Bulk","Bulk directory volume (Sales)"
"karenb","Karen","Berg","staff","Sr. Account Manager","Senior Management","TRUE","TRUE","B-3221","FALSE","wiki","all-staff","Bulk","Bulk directory volume (Senior Management)"
"iant","Ian","Tien","staff","HR Specialist","Human Resources","TRUE","FALSE","B-3222","FALSE","vpn;wiki","all-staff","Bulk","Bulk directory volume (Human Resources)"
"scottg","Scott","Gode","staff","Salesperson","Sales","TRUE","FALSE","B-3223","FALSE","vpn;wiki","all-staff;sales","Bulk","Bulk directory volume (Sales)"
"ginab","Gina","Boyer","staff","Salesperson","Sales","TRUE","TRUE","B-3224","FALSE","wiki","all-staff;sales","Bulk","Bulk directory volume (Sales)"
"anneliz","Annelie","Zubar","staff","Salesperson","Sales","TRUE","FALSE","B-3225","FALSE","vpn;wiki","all-staff;sales","Bulk","Bulk directory volume (Sales)"
"davidb","David","Bossard","staff","Salesperson","Sales","TRUE","TRUE","B-3226","FALSE","wiki","all-staff;sales","Bulk","Bulk directory volume (Sales)"
"aliciat","Alicia","Thomber","staff","Salesperson","Sales","TRUE","TRUE","B-3227","FALSE","wiki","all-staff;sales","Bulk","Bulk directory volume (Sales)"
"marcelt","Marcelo","Truffat","staff","Salesperson","Sales","TRUE","FALSE","B-3228","FALSE","","all-staff;sales","Bulk","Bulk directory volume (Sales)"
"tonym","Tony","Madigan","staff","Senior Engineer","Engineering Operations","TRUE","FALSE","B-3229","FALSE","wiki","all-staff;engineering","Bulk","Bulk directory volume (Engineering Operations)"
"sunilk","Sunil","Koduri","staff","Senior Engineer","Engineering Operations","TRUE","FALSE","B-3230","FALSE","wiki","all-staff;engineering","Bulk","Bulk directory volume (Engineering Operations)"
"simonp","Simon","Pearson","staff","Senior Engineer","Engineering Operations","TRUE","FALSE","B-3231","FALSE","vpn;wiki","all-staff;engineering","Bulk","Bulk directory volume (Engineering Operations)"
"pauld","Paul","Duffy","staff","Senior Engineer","Engineering Operations","TRUE","FALSE","B-3232","FALSE","","all-staff;engineering","Bulk","Bulk directory volume (Engineering Operations)"
"katet","Kate","Taneyhill","contractors","Senior Engineer","Engineering Operations","TRUE","FALSE","B-3233","FALSE","wiki","contractors","Bulk","Bulk directory volume (Engineering Operations)"
"chrisg","Chris","Gray","staff","Senior Engineer","Engineering Operations","TRUE","TRUE","B-3234","FALSE","vpn;wiki","all-staff;engineering","Bulk","Bulk directory volume (Engineering Operations)"
"stephed","Stephen","Deming","staff","Engineer","Engineering Operations","TRUE","TRUE","B-3235","FALSE","wiki","all-staff;engineering","Bulk","Bulk directory volume (Engineering Operations)"
"olivief","Olivier","Fontana","staff","Engineer","Engineering Operations","TRUE","TRUE","B-3236","FALSE","","all-staff;engineering","Bulk","Bulk directory volume (Engineering Operations)"
"michelf","Michelle","Fredette","staff","Engineer","Engineering Operations","TRUE","TRUE","B-3237","FALSE","vpn;wiki","all-staff;engineering","Bulk","Bulk directory volume (Engineering Operations)"
"arleneh","Arlene","Huff","staff","Strategy Consultant","Strategy Consulting","TRUE","TRUE","B-3238","FALSE","","all-staff","Bulk","Bulk directory volume (Strategy Consulting)"
"pieterw","Pieter","Wycoff","staff","Marketing Specialist","Marketing","TRUE","TRUE","B-3239","FALSE","","all-staff","Bulk","Bulk directory volume (Marketing)"
"erwinz","Erwin","Zischka","staff","Engineer","Engineering Operations","TRUE","TRUE","B-3240","FALSE","","all-staff;engineering","Bulk","Bulk directory volume (Engineering Operations)"
"lukask","Lukas","Keller","staff","Manager","Operations","TRUE","TRUE","B-3241","FALSE","vpn;wiki","all-staff;engineering","Bulk","Bulk directory volume (Operations)"
"kene","Ken","Ewert","staff","Manager","Operations","TRUE","TRUE","B-3242","FALSE","","all-staff;engineering","Bulk","Bulk directory volume (Operations)"
"justint","Justin","Thorp","staff","Manager","Operations","TRUE","FALSE","B-3243","FALSE","vpn;wiki","all-staff;engineering","Bulk","Bulk directory volume (Operations)"
"jong","Jon","Grande","staff","Manager","Operations","TRUE","TRUE","B-3244","FALSE","wiki","all-staff;engineering","Bulk","Bulk directory volume (Operations)"
"job","Jo","Berry","staff","Manager","Operations","TRUE","TRUE","B-3245","FALSE","","all-staff;engineering","Bulk","Bulk directory volume (Operations)"
"hansg","Hans","Gufler","staff","Manager","Operations","TRUE","FALSE","B-3246","FALSE","wiki","all-staff;engineering","Bulk","Bulk directory volume (Operations)"
"davidb1","David","Bradley","staff","Manager","Operations","TRUE","TRUE","B-3247","FALSE","","all-staff;engineering","Bulk","Bulk directory volume (Operations)"
"maried","Marie","Dubois","staff","IT Manager","Operations","TRUE","TRUE","B-3248","FALSE","vpn;wiki","all-staff;engineering","Bulk","Bulk directory volume (Operations)"
"kevink","Kevin","Kennedy","staff","IT Manager","Operations","TRUE","TRUE","B-3249","FALSE","wiki","all-staff;engineering","Bulk","Bulk directory volume (Operations)"
"kaia","Kai","Axford","staff","IT Manager","Operations","TRUE","TRUE","B-3250","FALSE","","all-staff;engineering","Bulk","Bulk directory volume (Operations)"
"manishc","Manish","Chopra","staff","Salesperson","Sales","TRUE","TRUE","B-3251","FALSE","wiki","all-staff;sales","Bulk","Bulk directory volume (Sales)"
"sunilu","Sunil","Uppal","staff","Public Relations Specialist","Marketing","TRUE","TRUE","B-3252","FALSE","vpn;wiki","all-staff","Bulk","Bulk directory volume (Marketing)"
"luisb","Luis","Bonifaz","staff","Salesperson","Sales","TRUE","FALSE","B-3253","FALSE","","all-staff;sales","Bulk","Bulk directory volume (Sales)"
"kevinv","Kevin","Verboort","staff","Salesperson","Sales","TRUE","FALSE","B-3254","FALSE","","all-staff;sales","Bulk","Bulk directory volume (Sales)"
"christj","Christian","Jene","staff","Marketing Specialist","Marketing","TRUE","TRUE","B-3255","FALSE","wiki","all-staff","Bulk","Bulk directory volume (Marketing)"
"felipem","Felipe","Martins","staff","Marketing Specialist","Marketing","TRUE","TRUE","B-3256","FALSE","","all-staff","Bulk","Bulk directory volume (Marketing)"
"johnev","John","Evans","staff","Marketing Specialist","Marketing","TRUE","TRUE","B-3257","FALSE","vpn;wiki","all-staff","Bulk","Bulk directory volume (Marketing)"
"heinrif","Heinrich","Fischer","contractors","IT Manager","Operations","TRUE","TRUE","B-3258","FALSE","wiki","contractors","Bulk","Bulk directory volume (Operations)"
"kirkj","Kirk","Nason","staff","Salesperson","Sales","TRUE","TRUE","B-3259","FALSE","wiki","all-staff;sales","Bulk","Bulk directory volume (Sales)"
"brianc","Brian","Cox","staff","Procurement Manager","Operations","TRUE","FALSE","B-3260","FALSE","vpn;wiki","all-staff;engineering","Bulk","Bulk directory volume (Operations)"
"patricd","Patricia","Doyle","staff","Salesperson","Sales","TRUE","TRUE","B-3261","FALSE","wiki","all-staff;sales","Bulk","Bulk directory volume (Sales)"
"rong","Ron","Gabel","staff","Salesperson","Sales","TRUE","TRUE","B-3262","FALSE","","all-staff;sales","Bulk","Bulk directory volume (Sales)"
"shmuely","Shmuel","Yair","staff","Salesperson","Sales","TRUE","TRUE","B-3263","FALSE","wiki","all-staff;sales","Bulk","Bulk directory volume (Sales)"
"phyllih","Phyllis","Harris","staff","Marketing Specialist","Marketing","TRUE","FALSE","B-3264","FALSE","","all-staff","Bulk","Bulk directory volume (Marketing)"
"jennyl","Jenny","Lysaker","staff","Salesperson","Sales","TRUE","TRUE","B-3265","FALSE","vpn;wiki","all-staff;sales","Bulk","Bulk directory volume (Sales)"
"jordaom","Jordao","Moreno","staff","Marketing Specialist","Marketing","TRUE","FALSE","B-3266","FALSE","vpn;wiki","all-staff","Bulk","Bulk directory volume (Marketing)"
"joshe","Josh","Edwards","staff","Salesperson","Sales","TRUE","TRUE","B-3267","FALSE","","all-staff;sales","Bulk","Bulk directory volume (Sales)"
"chrisj","Chris","Johnson","staff","Marketing Specialist","Marketing","TRUE","TRUE","B-3268","FALSE","vpn;wiki","all-staff","Bulk","Bulk directory volume (Marketing)"
"krisj","Kris","Johnsen","staff","IT Manager","Operations","TRUE","TRUE","B-3269","FALSE","","all-staff;engineering","Bulk","Bulk directory volume (Operations)"
"chrisjoh","Chris","Johnson","contractors","Accountant","Accounting","TRUE","TRUE","B-3270","FALSE","wiki","contractors","Bulk","Bulk directory volume (Accounting)"
"chrisjohn","Chris","Johnson","staff","Senior Engineer","Engineering Operations","TRUE","TRUE","B-3271","FALSE","vpn;wiki","all-staff;engineering","Bulk","Bulk directory volume (Engineering Operations)"
"chrisjohns","Chris","Johnson","staff","Salesperson","Sales Engagement Management","TRUE","TRUE","B-3272","FALSE","vpn;wiki","all-staff;sales","Bulk","Bulk directory volume (Sales Engagement Management)"
"sarahc","Sarah","Chen","staff","Software Engineering Intern","Engineering","TRUE","TRUE","B-3273","FALSE","","all-staff;engineering","Bulk","Bulk directory volume (Engineering)"
"jamesw2","James","Wilson","staff","Marketing Intern","Marketing","TRUE","TRUE","B-3274","FALSE","wiki","all-staff","Bulk","Bulk directory volume (Marketing)"
"emilyr","Emily","Rodriguez","staff","HR Intern","Human Resources","TRUE","TRUE","B-3275","FALSE","","all-staff","Bulk","Bulk directory volume (Human Resources)"
"robertt","Robert","Thompson","partners","Former Sales Manager","Sales","FALSE","TRUE","B-3276","FALSE","","partners","Bulk","Bulk directory volume (Sales)"
"michaeld","Michael","Davis","staff","Former Software Engineer","Engineering","FALSE","TRUE","B-3277","FALSE","wiki","all-staff;engineering","Bulk","Bulk directory volume (Engineering)"
"jenniferw","Jennifer","Williams","staff","Former Marketing Coordinator","Marketing","FALSE","TRUE","B-3278","FALSE","wiki","all-staff","Bulk","Bulk directory volume (Marketing)"
"davidb2","David","Brown","contractors","Former Junior Accountant","Accounting","FALSE","TRUE","B-3279","TRUE","wiki","contractors","Bulk","Bulk directory volume (Accounting)"
"lisamart","Lisa","Martinez","staff","Former Help Desk Technician","IT Support","FALSE","TRUE","B-3280","FALSE","","all-staff;engineering","Bulk","Bulk directory volume (IT Support)"
"kevina","Kevin","Anderson","staff","Sales Representative","Sales","TRUE","TRUE","B-3281","FALSE","vpn;wiki","all-staff;sales","Bulk","Bulk directory volume (Sales)"
"susant","Susan","Taylor","staff","QA Engineer","Engineering","TRUE","TRUE","B-3282","FALSE","vpn;wiki","all-staff;engineering","Bulk","Bulk directory volume (Engineering)"
"markj","Mark","Johnson","staff","Project Coordinator","Project Management","TRUE","TRUE","B-3283","FALSE","","all-staff","Bulk","Bulk directory volume (Project Management)"
"nancyw","Nancy","White","staff","HR Specialist","Human Resources","TRUE","TRUE","B-3284","FALSE","wiki","all-staff","Bulk","Bulk directory volume (Human Resources)"
"thomasw","Thomas","Wilson","staff","Former Operations Manager","Operations","FALSE","FALSE","B-3285","FALSE","vpn;wiki","all-staff;engineering","Bulk","Bulk directory volume (Operations)"
"patriciag","Patricia","Garcia","staff","DevOps Engineer","Engineering","TRUE","TRUE","B-3286","FALSE","wiki","all-staff;engineering","Bulk","Bulk directory volume (Engineering)"
"jamesl","James","Lee","contractors","Former Senior Accountant","Accounting","FALSE","FALSE","B-3287","FALSE","wiki","contractors","Bulk","Bulk directory volume (Accounting)"
"mariar","Maria","Rodriguez","contractors","Marketing Analyst","Marketing","TRUE","FALSE","B-3288","TRUE","vpn;wiki","contractors","Bulk","Bulk directory volume (Marketing)"
"christopherm","Christopher","Miller","staff","Former Network Administrator","IT Support","FALSE","FALSE","B-3289","FALSE","vpn;wiki","all-staff;engineering","Bulk","Bulk directory volume (IT Support)"
"michellt","Michelle","Thompson","contractors","Account Executive","Sales","TRUE","TRUE","B-3290","FALSE","wiki","contractors","Bulk","Bulk directory volume (Sales)"
"josen","José","Niño","staff","Senior Network Engineer","Engineering","TRUE","FALSE","B-3291","FALSE","wiki","all-staff;engineering","Bulk","Bulk directory volume (Engineering)"
"bjorna","Björn","Åberg","staff","IT Systems Administrator","Operations","TRUE","TRUE","B-3292","FALSE","","all-staff;engineering","Bulk","Bulk directory volume (Operations)"
"francoisl","François","Lefèvre","staff","Financial Analyst","Accounting","TRUE","FALSE","B-3293","FALSE","vpn;wiki","all-staff","Bulk","Bulk directory volume (Accounting)"
"reneed","Renée","Dubois","staff","Marketing Manager","Marketing","TRUE","FALSE","B-3294","FALSE","wiki","all-staff","Bulk","Bulk directory volume (Marketing)"
"zoem","Zoë","Müller","staff","HR Specialist","Human Resources","TRUE","TRUE","B-3295","FALSE","vpn;wiki","all-staff","Bulk","Bulk directory volume (Human Resources)"
"larss","Lars","Sørensen","staff","Account Executive","Sales","TRUE","TRUE","B-3296","FALSE","","all-staff;sales","Bulk","Bulk directory volume (Sales)"
"junyuj","俊誉","姜","staff","Site Reliability Engineer","Engineering","TRUE","TRUE","B-3297","FALSE","vpn;wiki","all-staff;engineering","Bulk","Bulk directory volume (Engineering)"
"taroy","太郎","𠮷田","staff","Build Engineer","Engineering","TRUE","FALSE","B-3298","FALSE","","all-staff;engineering","Bulk","Bulk directory volume (Engineering)"
"dmitriyv","Дмитрий","Волков","staff","Infrastructure Engineer","Operations","TRUE","TRUE","B-3299","FALSE","vpn;wiki","all-staff;engineering","Bulk","Bulk directory volume (Operations)"
"giorgosp","Γιώργος","Παπαδόπουλος","staff","Financial Analyst","Accounting","TRUE","TRUE","B-3300","FALSE","vpn;wiki","all-staff","Bulk","Bulk directory volume (Accounting)"
"mohammeda","محمد","الأحمد","partners","Network Engineer","Operations","TRUE","TRUE","B-3301","FALSE","","partners","Bulk","Bulk directory volume (Operations)"
"josem","José","Marchetti","staff","Campaign Manager","Marketing","TRUE","TRUE","B-3302","FALSE","wiki","all-staff","Bulk","Bulk directory volume (Marketing)"
"irmaki","Irmak","Işık","staff","HR Advisor","Human Resources","TRUE","TRUE","B-3303","FALSE","vpn;wiki","all-staff","Bulk","Bulk directory volume (Human Resources)"
"jurgenw","Jürgen","Weiß","staff","Account Executive","Sales","TRUE","TRUE","B-3304","FALSE","wiki","all-staff;sales","Bulk","Bulk directory volume (Sales)"
"sunitac","सुनीता","चौधरी","staff","Data Engineer","Engineering","TRUE","FALSE","B-3305","FALSE","vpn;wiki","all-staff;engineering","Bulk","Bulk directory volume (Engineering)"
"liw","丽","王","staff","Marketing Specialist","Marketing","TRUE","TRUE","B-3306","FALSE","","all-staff","Bulk","Bulk directory volume (Marketing)"
"yukon","優子","中村","partners","Accounts Payable Clerk","Accounting","TRUE","TRUE","B-3307","FALSE","","partners","Bulk","Bulk directory volume (Accounting)"
"olgas","Ольга","Соколова","staff","Recruiter","Human Resources","TRUE","TRUE","B-3308","FALSE","vpn;wiki","all-staff","Bulk","Bulk directory volume (Human Resources)"
"nikosd","Νίκος","Δημητρίου","staff","Facilities Coordinator","Operations","TRUE","TRUE","B-3309","FALSE","wiki","all-staff;engineering","Bulk","Bulk directory volume (Operations)"
"fatimah","فاطمة","حداد","staff","Sales Engineer","Sales","TRUE","TRUE","B-3310","FALSE","wiki","all-staff;sales","Bulk","Bulk directory volume (Sales)"
"amiliag","Ämilia","Groß","staff","Quality Engineer","Engineering","TRUE","TRUE","B-3311","FALSE","","all-staff;engineering","Bulk","Bulk directory volume (Engineering)"
