"Key","DisplayName","GroupKind","MembershipType","MembershipRule","Members","MemberGroups","IsAssignableToRole","Tier","Purpose"
"all-staff","All Staff","Security","Assigned","","","dept-engineering;dept-sales;dept-finance;dept-it","FALSE","Core","Contains only other groups, so a members query returns no users at all and a transitiveMembers query returns eight"
"dept-engineering","Department Engineering","Security","Assigned","","jnino;zmueller","","FALSE","Core","An ordinary department group and the first level of the nesting chain"
"dept-sales","Department Sales","Security","Assigned","","mbell;ofitzgerald","","FALSE","Core","Contains a disabled user, which membership reports routinely count as active"
"dept-finance","Department Finance","Security","Assigned","","praghunathan","","FALSE","Core","Single member, and the group that carries the group-based licence"
"dept-it","Department IT","Security","Assigned","","talvarez","","FALSE","Core","Tomás is here and in Engineering, so per-user department assumptions are wrong about him"
"nested-tier1","Nested Tier 1","Security","Assigned","","awhitfield","nested-tier2","FALSE","Core","Top of a three-deep chain built purely to defeat single-level membership expansion"
"nested-tier2","Nested Tier 2","Security","Assigned","","","nested-tier3","FALSE","Core","Middle tier holding no users of its own, only the tier below it"
"nested-tier3","Nested Tier 3","Security","Assigned","","talvarez;hkobayashi","","FALSE","Core","Bottom of the chain; reachable from Tier 1 only transitively"
"dyn-engineering","Dynamic Engineering","Security","Dynamic","(user.department -eq ""Engineering"") and (user.userPrincipalName -startsWith ""{Prefix}"")","","","FALSE","Core","Membership Entra maintains, which is empty until it evaluates and cannot be edited by hand"
"dyn-disabled","Dynamic Disabled Accounts","Security","Dynamic","(user.accountEnabled -eq false) and (user.userPrincipalName -startsWith ""{Prefix}"")","","","FALSE","Core","Matches on a false boolean, which is the value a rule written against truthiness silently drops"
"m365-collab","Collaboration Workspace","Unified","Assigned","","jnino;praghunathan","","FALSE","Core","A Microsoft 365 group, which carries a mailbox and a SharePoint site a security group does not"
"lic-powerbi","Licence Power BI","Security","Assigned","","praghunathan;mbell","","FALSE","Core","Carries a licence for its members to inherit, and so cannot be deleted until it is removed"
"role-support","Role Assignable Support","Security","Assigned","","svcreporting","","TRUE","Core","Role-assignable, which is immutable after creation and changes how the group is protected"
"empty-hold","Offboarding Hold","Security","Assigned","","","","FALSE","Core","Deliberately empty, because an empty group and a failed query look identical in most reports"
"testdomainadmins","Test Domain Admins","Security","Assigned","","annal;karinl;kellyw","testenterpriseadmins;testserveroperators;testaccountoperators","FALSE","Bulk","Bulk directory volume, mapped from ADTestEnvironment (Administrative)"
"testenterpriseadmins","Test Enterprise Admins","Security","Assigned","","miker;ellena;kenm;markoz;marcelt;iant;phyllih","testschemaadmins","FALSE","Bulk","Bulk directory volume, mapped from ADTestEnvironment (Administrative)"
"testschemaadmins","Test Schema Admins","Security","Assigned","","sanjayp;jellev;sameert;johny;corinnb;kima","","FALSE","Bulk","Bulk directory volume, mapped from ADTestEnvironment (Administrative)"
"testbackupoperators","Test Backup Operators","Security","Assigned","","donh;lisam;tomy;tonym;terrenp;carlosg;justint","","FALSE","Bulk","Bulk directory volume, mapped from ADTestEnvironment (Administrative)"
"testserveroperators","Test Server Operators","Security","Assigned","","jeffw;chrisj;chrisjoh;parnak;karenb;anud","testbackupoperators","FALSE","Bulk","Bulk directory volume, mapped from ADTestEnvironment (Administrative)"
"testaccountoperators","Test Account Operators","Security","Assigned","","miker;garethc;eranh;davidz;idanr;tobyn;rayc;nancyw","","FALSE","Bulk","Bulk directory volume, mapped from ADTestEnvironment (Administrative)"
"testprintoperators","Test Print Operators","Security","Assigned","","michellt;erica;jennim;chrism;raym;alisal;lorik;christr","","FALSE","Bulk","Bulk directory volume, mapped from ADTestEnvironment (Administrative)"
"testremotedesktopusers","Test Remote Desktop Users","Security","Assigned","","pavels;katet;michal1","","FALSE","Bulk","Bulk directory volume, mapped from ADTestEnvironment (Access Control)"
"vpnusers","VPN Users","Security","Assigned","","dianet;felipem;linaa;pieterw;lukaa;pavels;chrisg","","FALSE","Bulk","Bulk directory volume, mapped from ADTestEnvironment (Access Control)"
"wifiusers","WiFi Users","Security","Assigned","","miket;chasec;simonp;reneed;lisamart;howardg;lolans","","FALSE","Bulk","Bulk directory volume, mapped from ADTestEnvironment (Access Control)"
"allemployees","All Employees","Security","Assigned","","michellt;stuartm;linaa;dominip;tyoshida;annal;lorrain","operations;engineering;sales;marketing;accounting;humanresources;projectmanagement;seniormanagement;managers;fulltimeemployees","FALSE","Bulk","Bulk directory volume, mapped from ADTestEnvironment (Organizational)"
"allcontractors","All Contractors","Security","Assigned","","katet;stuartm;doughm;larss;pavels;idanr;chrisjohns;nuriag","contractworkers","FALSE","Bulk","Bulk directory volume, mapped from ADTestEnvironment (Organizational)"
"allinterns","All Interns","Security","Assigned","","allang;chasec;mollyc;markh;francoisl","internemployees","FALSE","Bulk","Bulk directory volume, mapped from ADTestEnvironment (Organizational)"
"executives","Executives","Security","Assigned","","doughm;kennetc;mariar;michellt","","FALSE","Bulk","Bulk directory volume, mapped from ADTestEnvironment (Departmental)"
"operations","Operations","Security","Assigned","","davids;margara;maryc;krisj;denisd;nancyw;jamesw2","","FALSE","Bulk","Bulk directory volume, mapped from ADTestEnvironment (Departmental)"
"engineering","Engineering","Security","Assigned","","kennetc;awhitfield;jakas;davidb;chrisn","engineeringoperations","FALSE","Bulk","Bulk directory volume, mapped from ADTestEnvironment (Departmental)"
"engineeringoperations","Engineering Operations","Security","Assigned","","ibent;danh;sameert","","FALSE","Bulk","Bulk directory volume, mapped from ADTestEnvironment (Departmental)"
"sales","Sales","Security","Assigned","","andyj;olivief;aprils","","FALSE","Bulk","Bulk directory volume, mapped from ADTestEnvironment (Departmental)"
"salesmanagement","Sales Management","Security","Assigned","","jeffh;keithd;kaia","","FALSE","Bulk","Bulk directory volume, mapped from ADTestEnvironment (Departmental)"
"marketing","Marketing","Security","Assigned","","anud;tobyn;kima;manishc;jenniferw","","FALSE","Bulk","Bulk directory volume, mapped from ADTestEnvironment (Departmental)"
"accounting","Accounting","Security","Assigned","","chrisjohn;denisd;felipem;jamesl;michaeld","finance","FALSE","Bulk","Bulk directory volume, mapped from ADTestEnvironment (Departmental)"
"finance","Finance","Security","Assigned","","larss;kenm;frankm1","","FALSE","Bulk","Bulk directory volume, mapped from ADTestEnvironment (Departmental)"
"humanresources","Human Resources","Security","Assigned","","tonym;magnush;marus;brads","","FALSE","Bulk","Bulk directory volume, mapped from ADTestEnvironment (Departmental)"
"projectmanagement","Project Management","Security","Assigned","","michael;tinam;johny;thomash;corinnb","","FALSE","Bulk","Bulk directory volume, mapped from ADTestEnvironment (Departmental)"
"strategyconsulting","Strategy Consulting","Security","Assigned","","humbera;mbell;larss;peters;thomash;annal;garthf","","FALSE","Bulk","Bulk directory volume, mapped from ADTestEnvironment (Departmental)"
"contentmanagement","Content Management","Security","Assigned","","simonp;arleneh;job;juliani;christg","","FALSE","Bulk","Bulk directory volume, mapped from ADTestEnvironment (Departmental)"
"crmstrategy","CRM Strategy","Security","Assigned","","vladime;lolans;jordaom","","FALSE","Bulk","Bulk directory volume, mapped from ADTestEnvironment (Departmental)"
"seniormanagement","Senior Management","Security","Assigned","","jjiang;aylak;karimm","executives","FALSE","Bulk","Bulk directory volume, mapped from ADTestEnvironment (Departmental)"
"directors","Directors","Security","Assigned","","talvarez;jamesw2;krisj;karenb;susant;kaia;olivief;jordaom","","FALSE","Bulk","Bulk directory volume, mapped from ADTestEnvironment (Management Level)"
"managers","Managers","Security","Assigned","","michellt;lisam;dianep","directors;vpsandabove","FALSE","Bulk","Bulk directory volume, mapped from ADTestEnvironment (Management Level)"
"vpsandabove","VPs and Above","Security","Assigned","","vernettp;praghunathan;cliffd;doughm;parnak","clevel","FALSE","Bulk","Bulk directory volume, mapped from ADTestEnvironment (Management Level)"
"clevel","C-Level","Security","Assigned","","tedb;tobyn;davidb;patriciag","","FALSE","Bulk","Bulk directory volume, mapped from ADTestEnvironment (Management Level)"
"seattlemainoffice","Seattle Main Office","Security","Assigned","","cesarg;ellena;justint;christg;annal;bernart","","FALSE","Bulk","Bulk directory volume, mapped from ADTestEnvironment (Geographic)"
"seattleengineeringoffice","Seattle Engineering Office","Security","Assigned","","christopherm;christg;chrisn","","FALSE","Bulk","Bulk directory volume, mapped from ADTestEnvironment (Geographic)"
"seattlefinanceoffice","Seattle Finance Office","Security","Assigned","","ginab;dannio;olgas;danj;jackc;jiml","","FALSE","Bulk","Bulk directory volume, mapped from ADTestEnvironment (Geographic)"
"houstonoffice","Houston Office","Security","Assigned","","francoisl;michelf;brianc;eduardd;svenb;joell;amya","","FALSE","Bulk","Bulk directory volume, mapped from ADTestEnvironment (Geographic)"
"newyorkoffice","New York Office","Security","Assigned","","tedb;jeremyl;thomasw","","FALSE","Bulk","Bulk directory volume, mapped from ADTestEnvironment (Geographic)"
"chicagooffice","Chicago Office","Security","Assigned","","roby;tado;williav;reneed","","FALSE","Bulk","Bulk directory volume, mapped from ADTestEnvironment (Geographic)"
"atlantaoffice","Atlanta Office","Security","Assigned","","tomy;michiko;cesarg;stuartm;mchielw;miket;magnush","","FALSE","Bulk","Bulk directory volume, mapped from ADTestEnvironment (Geographic)"
"bostonoffice","Boston Office","Security","Assigned","","jennim;cassieh;mariar","","FALSE","Bulk","Bulk directory volume, mapped from ADTestEnvironment (Geographic)"
"losangelesoffice","Los Angeles Office","Security","Assigned","","cheny;raym;mariar;anud;arturol;blained","","FALSE","Bulk","Bulk directory volume, mapped from ADTestEnvironment (Geographic)"
"richmondoffice","Richmond Office","Security","Assigned","","kerimh;kennetc;jong","","FALSE","Bulk","Bulk directory volume, mapped from ADTestEnvironment (Geographic)"
"londonoffice","London Office","Security","Assigned","","lolans;roberto;karinl;qiongw;markoz;dominip;frankm1;jeffh","","FALSE","Bulk","Bulk directory volume, mapped from ADTestEnvironment (Geographic)"
"remoteworkers","Remote Workers","Security","Assigned","","chrisjoh;davidb;jenniferw;davids;simonp;susant","","FALSE","Bulk","Bulk directory volume, mapped from ADTestEnvironment (Geographic)"
"fulltimeemployees","Full Time Employees","Security","Assigned","","markh;qiongw;roby;schaudhary;hazema;seanc;karenb;alexans","","FALSE","Bulk","Bulk directory volume, mapped from ADTestEnvironment (Employment Type)"
"contractworkers","Contract Workers","Security","Assigned","","tinam;matth;stevenw;thomasw;tyc;carolt;anneliz","","FALSE","Bulk","Bulk directory volume, mapped from ADTestEnvironment (Employment Type)"
"internemployees","Intern Employees","Security","Assigned","","kima;johny;phyllih;jimd;olivief;tonym;jweiss","","FALSE","Bulk","Bulk directory volume, mapped from ADTestEnvironment (Employment Type)"
"mobiledeviceusers","Mobile Device Users","Security","Assigned","","chrisn;roby;jeremyl;reneel;donh","","FALSE","Bulk","Bulk directory volume, mapped from ADTestEnvironment (Device Access)"
"laptopusers","Laptop Users","Security","Assigned","","jank;jesuse;corinnb;tonyw;davidm;eranh;junc","","FALSE","Bulk","Bulk directory volume, mapped from ADTestEnvironment (Device Access)"
"workstationusers","Workstation Users","Security","Assigned","","kenm;alfonsp;davids;stuartm;junc","engineeringcomputing","FALSE","Bulk","Bulk directory volume, mapped from ADTestEnvironment (Device Access)"
"executivecomputing","Executive Computing","Security","Assigned","","danb;lisaa;emilyr;patriciag;pieterw;kirkj;michaeo;kevina","","FALSE","Bulk","Bulk directory volume, mapped from ADTestEnvironment (Device Access)"
"engineeringcomputing","Engineering Computing","Security","Assigned","","jamier;chasec;yex;erica;zmueller;vernettp;kennetc","developmenttools","FALSE","Bulk","Bulk directory volume, mapped from ADTestEnvironment (Device Access)"
"salescomputing","Sales Computing","Security","Assigned","","andersm;lenea;lukask;ellena;valeryu;cassieh","","FALSE","Bulk","Bulk directory volume, mapped from ADTestEnvironment (Device Access)"
"fileshareusers","File Share Users","Security","Assigned","","dominip;jamier;nedf;zmueller;erikg;andrewm;jonj","workstationusers;executivefileaccess;engineeringfileaccess;colorprinteraccess","FALSE","Bulk","Bulk directory volume, mapped from ADTestEnvironment (Resource Access)"
"executivefileaccess","Executive File Access","Security","Assigned","","parnak;kenm;malahmad;joshe;tonym;jong;johnev","","FALSE","Bulk","Bulk directory volume, mapped from ADTestEnvironment (Resource Access)"
"financefileaccess","Finance File Access","Security","Assigned","","jasonc;richart;rolandw;davidb1","financialapplications;genvefinancereview","FALSE","Bulk","Bulk directory volume, mapped from ADTestEnvironment (Resource Access)"
"hrfileaccess","HR File Access","Security","Assigned","","markj;andersm;magnush;kellyk;williav;maried;gpapadopoulos;simonp","","FALSE","Bulk","Bulk directory volume, mapped from ADTestEnvironment (Resource Access)"
"engineeringfileaccess","Engineering File Access","Security","Assigned","","tyc;larsh;johng;krisj;danp;thomasw;mbell;kerimh","ingnierierseau","FALSE","Bulk","Bulk directory volume, mapped from ADTestEnvironment (Resource Access)"
"projectfileaccess","Project File Access","Security","Assigned","","jellev;christk;tonip;johnev","","FALSE","Bulk","Bulk directory volume, mapped from ADTestEnvironment (Resource Access)"
"emailusers","Email Users","Security","Assigned","","miket;carolt;christr;nunof","","FALSE","Bulk","Bulk directory volume, mapped from ADTestEnvironment (Resource Access)"
"calendarusers","Calendar Users","Security","Assigned","","jennim;lisamart;michellt","","FALSE","Bulk","Bulk directory volume, mapped from ADTestEnvironment (Resource Access)"
"internetaccessbasic","Internet Access Basic","Security","Assigned","","chrisn;jasonc;mchielw;amiliag","","FALSE","Bulk","Bulk directory volume, mapped from ADTestEnvironment (Resource Access)"
"internetaccessfull","Internet Access Full","Security","Assigned","","francoisl;adamb;carlosg;humbera;lisaa;stano;meravs","","FALSE","Bulk","Bulk directory volume, mapped from ADTestEnvironment (Resource Access)"
"softwareinstallation","Software Installation","Security","Assigned","","tonip;davidb;chrisjohn;danb","","FALSE","Bulk","Bulk directory volume, mapped from ADTestEnvironment (Resource Access)"
"printeraccessmain","Printer Access Main","Security","Assigned","","stuartm;sameert;alexans;rolandw;danh;jiml;elizaba","","FALSE","Bulk","Bulk directory volume, mapped from ADTestEnvironment (Resource Access)"
"printeraccessengineering","Printer Access Engineering","Security","Assigned","","michaeld;margara;jasonc;francoisl","","FALSE","Bulk","Bulk directory volume, mapped from ADTestEnvironment (Resource Access)"
"printeraccessfinance","Printer Access Finance","Security","Assigned","","lubork;howardg;jesuse;cesarg","","FALSE","Bulk","Bulk directory volume, mapped from ADTestEnvironment (Resource Access)"
"colorprinteraccess","Color Printer Access","Security","Assigned","","mollyc;tinal;hugog","","FALSE","Bulk","Bulk directory volume, mapped from ADTestEnvironment (Resource Access)"
"serverroomaccess","Server Room Access","Security","Assigned","","gpapadopoulos;jackc;amya;johng;scottb","","FALSE","Bulk","Bulk directory volume, mapped from ADTestEnvironment (Physical Access)"
"executiveflooraccess","Executive Floor Access","Security","Assigned","","johng;jellev;neilo;dianeg;alfonsp;ginab;elizaba","","FALSE","Bulk","Bulk directory volume, mapped from ADTestEnvironment (Physical Access)"
"afterhoursaccess","After Hours Access","Security","Assigned","","annew;lucad;marcf;christg;alisal;jeremyl","","FALSE","Bulk","Bulk directory volume, mapped from ADTestEnvironment (Physical Access)"
"conferenceroombooking","Conference Room Booking","Security","Assigned","","phyllih;brianc;scottm;michaem;richart;christj;justint","","FALSE","Bulk","Bulk directory volume, mapped from ADTestEnvironment (Resource Access)"
"expensesystemaccess","Expense System Access","Security","Assigned","","luisb;jellev;jweiss","","FALSE","Bulk","Bulk directory volume, mapped from ADTestEnvironment (Application Access)"
"payrollsystemaccess","Payroll System Access","Security","Assigned","","nates;karinl;maryc;nancyw;richart;christg;tedb","","FALSE","Bulk","Bulk directory volume, mapped from ADTestEnvironment (Application Access)"
"crmsystemaccess","CRM System Access","Security","Assigned","","tyoshida;stevenw;garthf;michaem","","FALSE","Bulk","Bulk directory volume, mapped from ADTestEnvironment (Application Access)"
"projectmanagementtools","Project Management Tools","Security","Assigned","","robiny;tyc;dianep;andread;allang","","FALSE","Bulk","Bulk directory volume, mapped from ADTestEnvironment (Application Access)"
"developmenttools","Development Tools","Security","Assigned","","lolans;scottr;davids1;patriciag","","FALSE","Bulk","Bulk directory volume, mapped from ADTestEnvironment (Application Access)"
"designtools","Design Tools","Security","Assigned","","stephed;michellt;jordaom","","FALSE","Bulk","Bulk directory volume, mapped from ADTestEnvironment (Application Access)"
"financialapplications","Financial Applications","Security","Assigned","","rolandw;cheny;hugog;svenb;pavels;alanb","","FALSE","Bulk","Bulk directory volume, mapped from ADTestEnvironment (Application Access)"
"hrapplications","HR Applications","Security","Assigned","","joell;dannio;garthf;marus;davidm;francoisl;scottm;lukask","payrollsystemaccess","FALSE","Bulk","Bulk directory volume, mapped from ADTestEnvironment (Application Access)"
"businessintelligence","Business Intelligence","Security","Assigned","","davidm;larsh;richart;simonr;alexans","","FALSE","Bulk","Bulk directory volume, mapped from ADTestEnvironment (Application Access)"
"databaseaccessread","Database Access Read","Security","Assigned","","michiko;brads;svcreporting","databaseaccesswrite","FALSE","Bulk","Bulk directory volume, mapped from ADTestEnvironment (Application Access)"
"databaseaccesswrite","Database Access Write","Security","Assigned","","michaem;malahmad;davidm","","FALSE","Bulk","Bulk directory volume, mapped from ADTestEnvironment (Application Access)"
"backupsystemaccess","Backup System Access","Security","Assigned","","davidd;sunilu;nikosd","","FALSE","Bulk","Bulk directory volume, mapped from ADTestEnvironment (Application Access)"
"monitoringsystemaccess","Monitoring System Access","Security","Assigned","","guidop;dianeg;hugog;eranh;lubork;kirkj;jeffh;elizaba","","FALSE","Bulk","Bulk directory volume, mapped from ADTestEnvironment (Application Access)"
"securityeventreview","Security Event Review","Security","Assigned","","robiny;fatimah;michaez;gregw;frankm;erica","","FALSE","Bulk","Bulk directory volume, mapped from ADTestEnvironment (Application Access)"
"compliancereporting","Compliance Reporting","Security","Assigned","","maurict;ivos;larryz;gregw;jong","","FALSE","Bulk","Bulk directory volume, mapped from ADTestEnvironment (Application Access)"
"zrichsiteaccess","Zürich Site Access","Security","Assigned","","michael;treyp;seanc;jenniferw;tyc","","FALSE","Bulk","Bulk directory volume, mapped from ADTestEnvironment (Physical Access)"
"genvefinancereview","Genève Finance Review","Security","Assigned","","ibent;pieterw;michellt;stano","","FALSE","Bulk","Bulk directory volume, mapped from ADTestEnvironment (Application Access)"
"ingnierierseau","Ingénierie Réseau","Security","Assigned","","tinam;simonp;tonym;praghunathan;svcreporting;jeffh","","FALSE","Bulk","Bulk directory volume, mapped from ADTestEnvironment (Application Access)"
