"Key","GivenName","Surname","DisplayName","Department","JobTitle","UsageLocation","AccountEnabled","Manager","EmployeeId","EmployeeType","MailDiffersFromUpn","Tier","Purpose"
"awhitfield","Ada","Whitfield","Ada Whitfield","Executive","Chief Executive","US","TRUE","","E1001","Employee","FALSE","Core","Top of the manager chain and has no manager of her own; the null that breaks recursive walks"
"jnino","José","Niño","José Niño","Engineering","Principal Engineer","US","TRUE","awhitfield","E1002","Employee","FALSE","Core","Non-ASCII display name with an ASCII UPN, which is what a real directory looks like"
"zmueller","Zoë","Müller","Zoë Müller","Engineering","Staff Engineer","DE","TRUE","jnino","0007","Employee","FALSE","Core","Non-ASCII, and an employeeId with leading zeros that any numeric cast destroys"
"mbell","Marcus","Bell","Marcus Bell","Sales","Account Executive","US","FALSE","awhitfield","E1004","Employee","FALSE","Core","Disabled but still licensed and still in groups; the half-finished offboarding"
"praghunathan","Priya","Raghunathan","Priya Raghunathan","Finance","Financial Controller","GB","TRUE","awhitfield","E1005","Employee","FALSE","Core","Holds the same licence both directly and by group, so the assignment path is ambiguous"
"talvarez","Tomás","Álvarez","Tomás Álvarez","IT","Systems Architect","ES","TRUE","jnino","E1006","Employee","TRUE","Core","In two departments' groups at once, and mail does not match userPrincipalName"
"hkobayashi","花","小林","小林 花","Human Resources","HR Business Partner","JP","TRUE","","E1007","Employee","FALSE","Core","No manager, no groups, no licence; every empty case in one account, and the kanji name that gives the eight-user Okta seed its only non-Latin script"
"ofitzgerald","Owen","Fitzgerald","Owen Fitzgerald","Sales","Sales Development","","TRUE","mbell","E1008","Employee","FALSE","Core","No usageLocation, so licence assignment fails the way it really does in production"
"svcreporting","","","Reporting Service","Information Technology","Service Account","US","TRUE","","","Service","FALSE","Core","A non-human account with no given or surname, which name-splitting logic assumes exists"
"jjiang","俊誉","姜","姜　俊誉","Engineering","Site Reliability Engineer","CN","TRUE","jnino","E1021","Employee","FALSE","Core","Han name with the family name first and an ideographic space between, so splitting on a space finds one token and taking the last word as the surname is backwards"
"tyoshida","太郎","𠮷田","𠮷田 太郎","Engineering","Build Engineer","JP","TRUE","jnino","E1022","Employee","FALSE","Core","A surname outside the basic plane, so its one character is two UTF-16 units and any length check or truncation splits the pair into rubbish"
"dvolkov","Дмитрий","Волков","Дмитрий Волков","Information Technology","Infrastructure Engineer","PL","TRUE","awhitfield","E1023","Employee","FALSE","Core","Cyrillic letters that are drawn the same as Latin ones, so a duplicate check made by eye passes where one made by codepoint fails"
"gpapadopoulos","Γιώργος","Παπαδόπουλος","Γιώργος Παπαδόπουλος","Finance","Financial Analyst","GR","TRUE","awhitfield","E1024","Employee","FALSE","Core","Greek, where the final sigma is a different letter from the medial one, so upper-casing a name and lower-casing it again does not return the name"
"malahmad","محمد","الأحمد","محمد الأحمد","Information Technology","Network Engineer","AE","TRUE","awhitfield","E1025","Employee","FALSE","Core","Right-to-left text, which displays in an order that is not the order it is stored in as soon as it is joined to anything Latin, such as a report column or a distinguished name"
"jmarchetti","José","Marchetti","José Marchetti","Marketing","Campaign Manager","IT","TRUE","mbell","E1026","Employee","FALSE","Core","The same José the eye reads on jnino and a different string to every comparison, because this one is stored decomposed as an e followed by a combining accent"
"iisik","Irmak","Işık","Irmak Işık","Human Resources","HR Advisor","TR","TRUE","awhitfield","E1027","Employee","FALSE","Core","Turkish dotted and dotless i, where lower-casing under a Turkish culture returns a different string from lower-casing under the invariant one"
"jweiss","Jürgen","Weiß","Jürgen Weiß","Sales","Account Executive","DE","TRUE","mbell","E1028","Employee","FALSE","Core","An eszett, which upper-cases into two characters, so the name grows by one every time it is normalised for a comparison or measured against a length limit"
"schaudhary","सुनीता","चौधरी","सुनीता चौधरी","Engineering","Data Engineer","IN","TRUE","jnino","E1029","Employee","FALSE","Core","Devanagari with combining vowel signs, so the number of characters and the number of marks a reader sees are different numbers and a column aligned on the first is ragged"
"danj","Dan","Jump","Dan Jump","Executive","CEO","GB","TRUE","","EMP001","Full-time","FALSE","Bulk","Bulk directory volume, mapped from ADTestEnvironment (Executive)"
"adamb","Adam","Barr","Adam Barr","Operations","General Manager of Professional Services","US","TRUE","danj","EMP002","Full-time","FALSE","Bulk","Bulk directory volume, mapped from ADTestEnvironment (Operations)"
"alans","Alan","Steiner","Alan Steiner","Project Management","Director of Project Management Team","US","TRUE","adamb","EMP003","Full-time","FALSE","Bulk","Bulk directory volume, mapped from ADTestEnvironment (Project Management)"
"chrisn","Chris","Norred","Chris Norred","Project Management","Project Manager","IE","TRUE","alans","EMP004","Full-time","FALSE","Bulk","Bulk directory volume, mapped from ADTestEnvironment (Project Management)"
"dianet","Diane","Tibbot","Diane Tibbot","Operations","CFO of Professional Services","US","TRUE","adamb","EMP005","Full-time","FALSE","Bulk","Bulk directory volume, mapped from ADTestEnvironment (Operations)"
"christk","Christine","Koch","Christine Koch","Engineering","Managing Director","JP","TRUE","adamb","EMP006","Full-time","FALSE","Bulk","Bulk directory volume, mapped from ADTestEnvironment (Engineering)"
"frankm1","Frank","Martinez","Frank Martinez","Executive","COO","GB","TRUE","danj","EMP007","Full-time","FALSE","Bulk","Bulk directory volume, mapped from ADTestEnvironment (Executive)"
"karimm","Karim","Manar","Karim Manar","Accounting","Controller","DE","TRUE","dianet","EMP008","Full-time","FALSE","Bulk","Bulk directory volume, mapped from ADTestEnvironment (Accounting)"
"danp","Dan","Park","Dan Park","Sales","Vice President NA Sales","US","TRUE","adamb","EMP009","Full-time","FALSE","Bulk","Bulk directory volume, mapped from ADTestEnvironment (Sales)"
"jeffh","Jeff","Hay","Jeff Hay","Executive","CVP of Operations","JP","TRUE","frankm1","EMP010","Full-time","FALSE","Bulk","Bulk directory volume, mapped from ADTestEnvironment (Executive)"
"garthf","Garth","Fort","Garth Fort","Human Resources","HR Manager","ES","TRUE","karimm","EMP011","Full-time","FALSE","Bulk","Bulk directory volume, mapped from ADTestEnvironment (Human Resources)"
"cesarg","Cesar","Garcia","Cesar Garcia","Strategy Consulting","Strategy Consulting Manager","ES","TRUE","christk","EMP012","Full-time","FALSE","Bulk","Bulk directory volume, mapped from ADTestEnvironment (Strategy Consulting)"
"christg","Christa","Geller","Christa Geller","Executive","CVP of Online","ES","TRUE","jeffh","EMP013","Full-time","FALSE","Bulk","Bulk directory volume, mapped from ADTestEnvironment (Executive)"
"jackc","Jack","Creasey","Jack Creasey","Sales Engagement Management","Managing Director","US","TRUE","danp","EMP014","Full-time","FALSE","Bulk","Bulk directory volume, mapped from ADTestEnvironment (Sales Engagement Management)"
"davidm","David","Maman","David Maman","Strategy Consulting","Strategy Consulting Manager","IE","TRUE","christk","EMP015","Full-time","FALSE","Bulk","Bulk directory volume, mapped from ADTestEnvironment (Strategy Consulting)"
"alanb","Alan","Brewer","Alan Brewer","Sales","Regional Sales Manager","IE","TRUE","jackc","EMP016","Full-time","FALSE","Bulk","Bulk directory volume, mapped from ADTestEnvironment (Sales)"
"davids","David","Simpson","David Simpson","Sales Engagement Management","Sales Manager","US","TRUE","alanb","EMP017","Full-time","FALSE","Bulk","Bulk directory volume, mapped from ADTestEnvironment (Sales Engagement Management)"
"annal","Anna","Lidman","Anna Lidman","Senior Management","SVP of Online Services","US","TRUE","christg","EMP018","Full-time","FALSE","Bulk","Bulk directory volume, mapped from ADTestEnvironment (Senior Management)"
"eduardd","Eduard","Dell","Eduard Dell","Sales","Regional Sales Manager","DE","TRUE","jackc","EMP019","Full-time","FALSE","Bulk","Bulk directory volume, mapped from ADTestEnvironment (Sales)"
"spencel","Spencer","Low","Spencer Low","Sales","Regional Sales Manager","JP","TRUE","jackc","EMP020","Full-time","FALSE","Bulk","Bulk directory volume, mapped from ADTestEnvironment (Sales)"
"kellyw","Kelly","Weadock","Kelly Weadock","Operations","CTO of Professional Services","DE","TRUE","adamb","EMP021","Full-time","FALSE","Bulk","Bulk directory volume, mapped from ADTestEnvironment (Operations)"
"mollyc","Molly","Clark","Molly Clark","Senior Management","GM of Online Ad Sales and Affiliate Marketing","AU","TRUE","annal","EMP022","Full-time","FALSE","Bulk","Bulk directory volume, mapped from ADTestEnvironment (Senior Management)"
"larryz","Larry","Zhang","Larry Zhang","Sales","Regional Sales Manager","JP","TRUE","jackc","EMP023","Full-time","FALSE","Bulk","Bulk directory volume, mapped from ADTestEnvironment (Sales)"
"arturol","Arturo","Lopez","Arturo Lopez","Operations","IT Director","GB","TRUE","kellyw","EMP024","Full-time","FALSE","Bulk","Bulk directory volume, mapped from ADTestEnvironment (Operations)"
"aprils","April","Stewart","April Stewart","Sales","Sales Manager","ES","TRUE","eduardd","EMP025","Full-time","FALSE","Bulk","Bulk directory volume, mapped from ADTestEnvironment (Sales)"
"aaronp","Aaron","Painter","Aaron Painter","Strategy Consulting","Strategy Consulting Manager","US","TRUE","christk","EMP026","Full-time","FALSE","Bulk","Bulk directory volume, mapped from ADTestEnvironment (Strategy Consulting)"
"andrewm","Andrew","Ma","Andrew Ma","Project Management","Senior Project Manager","AU","TRUE","alans","EMP027","Full-time","FALSE","Bulk","Bulk directory volume, mapped from ADTestEnvironment (Project Management)"
"dianep","Diane","Prescott","Diane Prescott","Marketing","Director of Ad Sales","US","TRUE","mollyc","EMP028","Full-time","FALSE","Bulk","Bulk directory volume, mapped from ADTestEnvironment (Marketing)"
"arthury","Arthur","Yasinski","Arthur Yasinski","Sales Engagement Management","Sales Manager","JP","TRUE","spencel","EMP029","Full-time","FALSE","Bulk","Bulk directory volume, mapped from ADTestEnvironment (Sales Engagement Management)"
"brads","Brad","Sutton","Brad Sutton","Strategy Consulting","Strategy Consulting Manager","US","TRUE","christk","EMP030","Full-time","FALSE","Bulk","Bulk directory volume, mapped from ADTestEnvironment (Strategy Consulting)"
"amya","Amy","Alberts","Amy Alberts","Human Resources","HR Manager","JP","TRUE","garthf","EMP031","Full-time","FALSE","Bulk","Bulk directory volume, mapped from ADTestEnvironment (Human Resources)"
"stevel","Steve","Luper","Steve Luper","Sales","Regional Sales Manager","GB","TRUE","jackc","EMP032","Full-time","FALSE","Bulk","Bulk directory volume, mapped from ADTestEnvironment (Sales)"
"juliani","Julian","Isla","Julian Isla","Senior Management","Sr. Business Development Manager","CA","TRUE","mollyc","EMP033","Full-time","FALSE","Bulk","Bulk directory volume, mapped from ADTestEnvironment (Senior Management)"
"scottb","Scott","Bishop","Scott Bishop","Project Management","Senior Project Manager","JP","TRUE","alans","EMP034","Full-time","FALSE","Bulk","Bulk directory volume, mapped from ADTestEnvironment (Project Management)"
"kellyk","Kelly","Krout","Kelly Krout","Marketing","Marketing Manager","DE","TRUE","adamb","EMP035","Full-time","FALSE","Bulk","Bulk directory volume, mapped from ADTestEnvironment (Marketing)"
"stano","Stan","Orme","Stan Orme","Content Management Consulting","Content Management Consulting Manager","ES","TRUE","alans","EMP036","Full-time","FALSE","Bulk","Bulk directory volume, mapped from ADTestEnvironment (Content Management Consulting)"
"miken","Mike","Nash","Mike Nash","Project Management","Senior Project Manager","AU","TRUE","alans","EMP037","Full-time","FALSE","Bulk","Bulk directory volume, mapped from ADTestEnvironment (Project Management)"
"jennim","Jenni","Merrifield","Jenni Merrifield","Strategy Consulting","Strategy Consultant","IE","TRUE","davidm","EMP038","Full-time","FALSE","Bulk","Bulk directory volume, mapped from ADTestEnvironment (Strategy Consulting)"
"keithd","Keith","Dishmo","Keith Dishmo","Operations","Procurement Manager","GB","TRUE","adamb","EMP039","Full-time","FALSE","Bulk","Bulk directory volume, mapped from ADTestEnvironment (Operations)"
"joses","Jose","Saraiva","Jose Saraiva","Sales","Sales Manager","DE","TRUE","larryz","EMP040","Full-time","FALSE","Bulk","Bulk directory volume, mapped from ADTestEnvironment (Sales)"
"lenea","Lene","Aalling","Lene Aalling","Sales Engagement Management","Sales Manager","GB","TRUE","stevel","EMP041","Full-time","FALSE","Bulk","Bulk directory volume, mapped from ADTestEnvironment (Sales Engagement Management)"
"barryj","Barry","Johnson","Barry Johnson","Project Management","Project Manager","JP","TRUE","alans","EMP042","Full-time","FALSE","Bulk","Bulk directory volume, mapped from ADTestEnvironment (Project Management)"
"ellena","Ellen","Adams","Ellen Adams","Strategy Consulting","Strategy Consulting Manager","IE","TRUE","christk","EMP043","Full-time","FALSE","Bulk","Bulk directory volume, mapped from ADTestEnvironment (Strategy Consulting)"
"bens","Ben","Spain","Ben Spain","Operations","Manager","US","TRUE","adamb","EMP044","Full-time","FALSE","Bulk","Bulk directory volume, mapped from ADTestEnvironment (Operations)"
"davidz","David","Zazzo","David Zazzo","Engineering Operations","Managing Director","CA","TRUE","adamb","EMP045","Full-time","FALSE","Bulk","Bulk directory volume, mapped from ADTestEnvironment (Engineering Operations)"
"carolt","Carol","Troup","Carol Troup","Engineering Operations","Strategy Consulting Manager","ES","TRUE","davidz","EMP046","Full-time","FALSE","Bulk","Bulk directory volume, mapped from ADTestEnvironment (Engineering Operations)"
"erikac","Erika","Cheley","Erika Cheley","Operations","Manager","GB","TRUE","bens","EMP047","Full-time","FALSE","Bulk","Bulk directory volume, mapped from ADTestEnvironment (Operations)"
"briang","Brian","Groth","Brian Groth","Project Management","Project Manager","US","TRUE","barryj","EMP048","Full-time","FALSE","Bulk","Bulk directory volume, mapped from ADTestEnvironment (Project Management)"
"syeda","Syed","Abbas","Syed Abbas","CRM Strategy","CRM Consulting Manager","US","TRUE","aaronp","EMP049","Full-time","FALSE","Bulk","Bulk directory volume, mapped from ADTestEnvironment (CRM Strategy)"
"pedert","Peder","Thode","Peder Thode","Content Management Consulting","Content Management Consultant","ES","TRUE","stano","EMP050","Full-time","FALSE","Bulk","Bulk directory volume, mapped from ADTestEnvironment (Content Management Consulting)"
"maryc","Mary","Cha","Mary Cha","Content Management Consulting","Content Management Consultant","IE","TRUE","stano","EMP051","Full-time","FALSE","Bulk","Bulk directory volume, mapped from ADTestEnvironment (Content Management Consulting)"
"lisaa","Lisa","Andrews","Lisa Andrews","Content Management Consulting","Content Management Consultant","US","TRUE","stano","EMP052","Full-time","FALSE","Bulk","Bulk directory volume, mapped from ADTestEnvironment (Content Management Consulting)"
"jiml","Jim","Lucey","Jim Lucey","Content Management Consulting","Content Management Consultant","US","TRUE","stano","EMP053","Full-time","FALSE","Bulk","Bulk directory volume, mapped from ADTestEnvironment (Content Management Consulting)"
"garethc","Gareth","Chan","Gareth Chan","Content Management Consulting","Content Management Consultant","US","TRUE","stano","EMP054","Full-time","FALSE","Bulk","Bulk directory volume, mapped from ADTestEnvironment (Content Management Consulting)"
"karinl","Karin","Lamb","Karin Lamb","CRM Strategy","CRM Consultant","AU","TRUE","syeda","EMP055","Full-time","FALSE","Bulk","Bulk directory volume, mapped from ADTestEnvironment (CRM Strategy)"
"davidh","David","Hamilton","David Hamilton","Content Management Consulting","CRM Consultant","IE","TRUE","stano","EMP056","Full-time","FALSE","Bulk","Bulk directory volume, mapped from ADTestEnvironment (Content Management Consulting)"
"meravs","Merav","Sror","Merav Sror","CRM Strategy","CRM Consultant","US","TRUE","syeda","EMP057","Full-time","FALSE","Bulk","Bulk directory volume, mapped from ADTestEnvironment (CRM Strategy)"
"reinac","Reina","Cabatana","Reina Cabatana","Content Management Consulting","Content Management Consultant","AU","TRUE","stano","EMP058","Full-time","FALSE","Bulk","Bulk directory volume, mapped from ADTestEnvironment (Content Management Consulting)"
"robiny","Robin","Young","Robin Young","Content Management Consulting","Content Management Consultant","GB","TRUE","stano","EMP059","Full-time","FALSE","Bulk","Bulk directory volume, mapped from ADTestEnvironment (Content Management Consulting)"
"peters","Peter","Saddow","Peter Saddow","Content Management Consulting","Content Management Consultant","IE","TRUE","stano","EMP060","Full-time","FALSE","Bulk","Bulk directory volume, mapped from ADTestEnvironment (Content Management Consulting)"
"vladime","Vladimir","Egorov","Vladimir Egorov","Content Management Consulting","Content Management Consultant","US","TRUE","stano","EMP061","Full-time","FALSE","Bulk","Bulk directory volume, mapped from ADTestEnvironment (Content Management Consulting)"
"estherv","Esther","Valle","Esther Valle","Content Management Consulting","Content Management Consultant","DE","TRUE","stano","EMP062","Full-time","FALSE","Bulk","Bulk directory volume, mapped from ADTestEnvironment (Content Management Consulting)"
"lorik","Lori","Kane","Lori Kane","Strategy Consulting","Strategy Consultant","AU","TRUE","brads","EMP063","Full-time","FALSE","Bulk","Bulk directory volume, mapped from ADTestEnvironment (Strategy Consulting)"
"cliffd","Cliff","Diddier","Cliff Diddier","Engineering Operations","Engineer","JP","TRUE","carolt","EMP064","Full-time","FALSE","Bulk","Bulk directory volume, mapped from ADTestEnvironment (Engineering Operations)"
"cheny","Chen","Yang","Chen Yang","Engineering Operations","Engineer","US","TRUE","carolt","EMP065","Full-time","FALSE","Bulk","Bulk directory volume, mapped from ADTestEnvironment (Engineering Operations)"
"bernart","Bernard","Tham","Bernard Tham","Engineering Operations","Engineer","ES","TRUE","carolt","EMP066","Full-time","FALSE","Bulk","Bulk directory volume, mapped from ADTestEnvironment (Engineering Operations)"
"aris","Ari","Suominen","Ari Suominen","Engineering Operations","Engineer","JP","TRUE","carolt","EMP067","Full-time","FALSE","Bulk","Bulk directory volume, mapped from ADTestEnvironment (Engineering Operations)"
"anud","Anu","Deshpande","Anu Deshpande","Creative","Engineer","IE","TRUE","carolt","EMP068","Full-time","FALSE","Bulk","Bulk directory volume, mapped from ADTestEnvironment (Creative)"
"allang","Allan","Guinot","Allan Guinot","Engineering Operations","Engineer","GB","TRUE","carolt","EMP069","Full-time","FALSE","Bulk","Bulk directory volume, mapped from ADTestEnvironment (Engineering Operations)"
"tobyn","Toby","Nixon","Toby Nixon","CRM Strategy","CRM Consultant","AU","TRUE","syeda","EMP070","Full-time","FALSE","Bulk","Bulk directory volume, mapped from ADTestEnvironment (CRM Strategy)"
"tado","Tad","Orman","Tad Orman","CRM Strategy","CRM Consultant","CA","TRUE","syeda","EMP071","Full-time","FALSE","Bulk","Bulk directory volume, mapped from ADTestEnvironment (CRM Strategy)"
"jeffw","Jeff","Williams","Jeff Williams","CRM Strategy","CRM Consultant","IE","TRUE","syeda","EMP072","Full-time","FALSE","Bulk","Bulk directory volume, mapped from ADTestEnvironment (CRM Strategy)"
"frankm","Frank","Miller","Frank Miller","Strategy Consulting","Strategy Consultant","CA","TRUE","davidm","EMP073","Full-time","FALSE","Bulk","Bulk directory volume, mapped from ADTestEnvironment (Strategy Consulting)"
"williav","William","Vong","William Vong","Strategy Consulting","Strategy Consultant","AU","TRUE","cesarg","EMP074","Full-time","FALSE","Bulk","Bulk directory volume, mapped from ADTestEnvironment (Strategy Consulting)"
"sameert","Sameer","Tejani","Sameer Tejani","Strategy Consulting","Strategy Consultant","US","TRUE","ellena","EMP075","Full-time","FALSE","Bulk","Bulk directory volume, mapped from ADTestEnvironment (Strategy Consulting)"
"jonj","Jon","Jaffe","Jon Jaffe","Strategy Consulting","Strategy Consultant","IE","TRUE","brads","EMP076","Full-time","FALSE","Bulk","Bulk directory volume, mapped from ADTestEnvironment (Strategy Consulting)"
"miker","Mike","Ray","Mike Ray","Strategy Consulting","Strategy Consultant","JP","TRUE","davidm","EMP077","Full-time","FALSE","Bulk","Bulk directory volume, mapped from ADTestEnvironment (Strategy Consulting)"
"roberto","Robert","O'Hara","Robert O'Hara","Content Management Consulting","Content Management Consultant","US","TRUE","stano","EMP078","Full-time","FALSE","Bulk","Bulk directory volume, mapped from ADTestEnvironment (Content Management Consulting)"
"lisam","Lisa","Miller","Lisa Miller","Strategy Consulting","Strategy Consultant","DE","TRUE","cesarg","EMP079","Full-time","FALSE","Bulk","Bulk directory volume, mapped from ADTestEnvironment (Strategy Consulting)"
"jasonc","Jason","Carlson","Jason Carlson","CRM Strategy","CRM Consultant","CA","TRUE","syeda","EMP080","Full-time","FALSE","Bulk","Bulk directory volume, mapped from ADTestEnvironment (CRM Strategy)"
"jimc","Jim","Corbin","Jim Corbin","Strategy Consulting","Strategy Consultant","DE","TRUE","davidm","EMP081","Full-time","FALSE","Bulk","Bulk directory volume, mapped from ADTestEnvironment (Strategy Consulting)"
"jesuse","Jesus","Escolar","Jesus Escolar","Strategy Consulting","Strategy Consultant","ES","TRUE","aaronp","EMP082","Full-time","FALSE","Bulk","Bulk directory volume, mapped from ADTestEnvironment (Strategy Consulting)"
"idanr","Idan","Rubin","Idan Rubin","Strategy Consulting","Strategy Consultant","US","TRUE","brads","EMP083","Full-time","FALSE","Bulk","Bulk directory volume, mapped from ADTestEnvironment (Strategy Consulting)"
"donh","Don","Hall","Don Hall","Strategy Consulting","Strategy Consultant","GB","TRUE","ellena","EMP084","Full-time","FALSE","Bulk","Bulk directory volume, mapped from ADTestEnvironment (Strategy Consulting)"
"blained","Blaine","Dockter","Blaine Dockter","Strategy Consulting","Strategy Consultant","IE","TRUE","ellena","EMP085","Full-time","FALSE","Bulk","Bulk directory volume, mapped from ADTestEnvironment (Strategy Consulting)"
"annew","Anne","Weiler","Anne Weiler","Strategy Consulting","Strategy Consultant","GB","TRUE","cesarg","EMP086","Full-time","FALSE","Bulk","Bulk directory volume, mapped from ADTestEnvironment (Strategy Consulting)"
"allisob","Allison","Brown","Allison Brown","Strategy Consulting","Strategy Consultant","ES","TRUE","aaronp","EMP087","Full-time","FALSE","Bulk","Bulk directory volume, mapped from ADTestEnvironment (Strategy Consulting)"
"valeryu","Valery","Ushakov","Valery Ushakov","Engineering Operations","Engineer","IE","TRUE","carolt","EMP088","Full-time","FALSE","Bulk","Bulk directory volume, mapped from ADTestEnvironment (Engineering Operations)"
"toshm","Tosh","Meston","Tosh Meston","CRM Strategy","CRM Consultant","AU","TRUE","syeda","EMP089","Full-time","FALSE","Bulk","Bulk directory volume, mapped from ADTestEnvironment (CRM Strategy)"
"sanjayp","Sanjay","Patel","Sanjay Patel","Content Management Consulting","Content Management Consultant","JP","TRUE","stano","EMP090","Full-time","FALSE","Bulk","Bulk directory volume, mapped from ADTestEnvironment (Content Management Consulting)"
"rolandw","Roland","Wacker","Roland Wacker","Strategy Consulting","Strategy Consultant","IE","TRUE","aaronp","EMP091","Full-time","FALSE","Bulk","Bulk directory volume, mapped from ADTestEnvironment (Strategy Consulting)"
"davidd","David","Derwin","David Derwin","1099 Contractor","Project Manager","US","TRUE","briang","EMP092","Contractor","FALSE","Bulk","Bulk directory volume, mapped from ADTestEnvironment (1099 Contractor)"
"johny","John","Yokum","John Yokum","Strategy Consulting","Strategy Consultant","CA","TRUE","ellena","EMP093","Full-time","FALSE","Bulk","Bulk directory volume, mapped from ADTestEnvironment (Strategy Consulting)"
"scottr","Scott","Rockfield","Scott Rockfield","1099 Contractor","Project Manager","GB","TRUE","briang","EMP094","Contractor","FALSE","Bulk","Bulk directory volume, mapped from ADTestEnvironment (1099 Contractor)"
"humbera","Humberto","Acevedo","Humberto Acevedo","1099 Contractor","Project Manager","ES","TRUE","briang","EMP095","Contractor","FALSE","Bulk","Bulk directory volume, mapped from ADTestEnvironment (1099 Contractor)"
"davids1","David","So","David So","1099 Contractor","Project Manager","JP","TRUE","briang","EMP096","Contractor","FALSE","Bulk","Bulk directory volume, mapped from ADTestEnvironment (1099 Contractor)"
"andersm","Anders","Madsen","Anders Madsen","1099 Contractor","Project Manager","GB","TRUE","briang","EMP097","Contractor","FALSE","Bulk","Bulk directory volume, mapped from ADTestEnvironment (1099 Contractor)"
"alexans","Alexandre","Silva","Alexandre Silva","1099 Contractor","Project Manager","JP","TRUE","briang","EMP098","Contractor","FALSE","Bulk","Bulk directory volume, mapped from ADTestEnvironment (1099 Contractor)"
"stuartm","Stuart","Munson","Stuart Munson","1099 Contractor","Project Manager","IE","TRUE","briang","EMP099","Contractor","FALSE","Bulk","Bulk directory volume, mapped from ADTestEnvironment (1099 Contractor)"
"qiongw","Qiong","Wu","Qiong Wu","1099 Contractor","Project Manager","US","TRUE","briang","EMP100","Contractor","FALSE","Bulk","Bulk directory volume, mapped from ADTestEnvironment (1099 Contractor)"
"michiko","Michiko","Osada","Michiko Osada","1099 Contractor","Project Manager","IE","TRUE","briang","EMP101","Contractor","FALSE","Bulk","Bulk directory volume, mapped from ADTestEnvironment (1099 Contractor)"
"michaez","Michael","Zeman","Michael Zeman","1099 Contractor","Project Manager","DE","TRUE","briang","EMP102","Contractor","FALSE","Bulk","Bulk directory volume, mapped from ADTestEnvironment (1099 Contractor)"
"maurict","Maurice","Taylor","Maurice Taylor","1099 Contractor","Project Manager","US","TRUE","briang","EMP103","Contractor","FALSE","Bulk","Bulk directory volume, mapped from ADTestEnvironment (1099 Contractor)"
"guidop","Guido","Pica","Guido Pica","1099 Contractor","Project Manager","ES","TRUE","briang","EMP104","Contractor","FALSE","Bulk","Bulk directory volume, mapped from ADTestEnvironment (1099 Contractor)"
"jessica","Jessica","Arnold","Jessica Arnold","1099 Contractor","Project Manager","GB","TRUE","briang","EMP105","Contractor","FALSE","Bulk","Bulk directory volume, mapped from ADTestEnvironment (1099 Contractor)"
"chasec","Chase","Carpenter","Chase Carpenter","Accounting","Accountant","IE","TRUE","karimm","EMP106","Full-time","FALSE","Bulk","Bulk directory volume, mapped from ADTestEnvironment (Accounting)"
"terrenp","Terrence","Phillip","Terrence Phillip","1099 Contractor","Strategy Consultant","DE","TRUE","jennim","EMP107","Contractor","FALSE","Bulk","Bulk directory volume, mapped from ADTestEnvironment (1099 Contractor)"
"hugog","Hugo","Garcia","Hugo Garcia","1099 Contractor","Strategy Consultant","IE","TRUE","jennim","EMP108","Contractor","FALSE","Bulk","Bulk directory volume, mapped from ADTestEnvironment (1099 Contractor)"
"jeremyl","Jeremy","Los","Jeremy Los","1099 Contractor","Strategy Consultant","US","TRUE","jennim","EMP109","Contractor","FALSE","Bulk","Bulk directory volume, mapped from ADTestEnvironment (1099 Contractor)"
"johng","John","Ganio","John Ganio","1099 Contractor","Strategy Consultant","CA","TRUE","jennim","EMP110","Contractor","FALSE","Bulk","Bulk directory volume, mapped from ADTestEnvironment (1099 Contractor)"
"linaa","Lina","Abola","Lina Abola","1099 Contractor","Strategy Consultant","CA","TRUE","jennim","EMP111","Contractor","FALSE","Bulk","Bulk directory volume, mapped from ADTestEnvironment (1099 Contractor)"
"markh","Mark","Hanson","Mark Hanson","1099 Contractor","Strategy Consultant","AU","TRUE","jennim","EMP112","Contractor","FALSE","Bulk","Bulk directory volume, mapped from ADTestEnvironment (1099 Contractor)"
"jakas","Jaka","Stele","Jaka Stele","1099 Contractor","Project Manager","US","TRUE","briang","EMP113","Contractor","FALSE","Bulk","Bulk directory volume, mapped from ADTestEnvironment (1099 Contractor)"
"stevenw","Steven","Wright","Steven Wright","1099 Contractor","Strategy Consultant","AU","TRUE","jennim","EMP114","Contractor","FALSE","Bulk","Bulk directory volume, mapped from ADTestEnvironment (1099 Contractor)"
"doughm","Dough","Mahugh","Dough Mahugh","1099 Contractor","Project Manager","CA","TRUE","briang","EMP115","Contractor","FALSE","Bulk","Bulk directory volume, mapped from ADTestEnvironment (1099 Contractor)"
"andread","Andrea","Dunker","Andrea Dunker","1099 Contractor","Project Manager","JP","TRUE","briang","EMP116","Contractor","FALSE","Bulk","Bulk directory volume, mapped from ADTestEnvironment (1099 Contractor)"
"carlosg","Carlos","Grilo","Carlos Grilo","1099 Contractor","Project Manager","IE","TRUE","briang","EMP117","Contractor","FALSE","Bulk","Bulk directory volume, mapped from ADTestEnvironment (1099 Contractor)"
"chrism","Chris","McGurk","Chris McGurk","1099 Contractor","Project Manager","US","TRUE","briang","EMP118","Contractor","FALSE","Bulk","Bulk directory volume, mapped from ADTestEnvironment (1099 Contractor)"
"danb","Dan","Bacon","Dan Bacon","1099 Contractor","Project Manager","DE","TRUE","briang","EMP119","Contractor","FALSE","Bulk","Bulk directory volume, mapped from ADTestEnvironment (1099 Contractor)"
"danield","Daniel","Durrer","Daniel Durrer","1099 Contractor","Project Manager","ES","TRUE","briang","EMP120","Contractor","FALSE","Bulk","Bulk directory volume, mapped from ADTestEnvironment (1099 Contractor)"
"jamesw","James","Wittrell","James Wittrell","Accounting","Accountant","US","TRUE","karimm","EMP121","Full-time","FALSE","Bulk","Bulk directory volume, mapped from ADTestEnvironment (Accounting)"
"scottm","Scott","MacDonald","Scott MacDonald","1099 Contractor","Strategy Consultant","CA","TRUE","jennim","EMP122","Contractor","FALSE","Bulk","Bulk directory volume, mapped from ADTestEnvironment (1099 Contractor)"
"reneel","Renee","Lo","Renee Lo","Strategy Consulting","Strategy Consultant","US","TRUE","aaronp","EMP123","Full-time","FALSE","Bulk","Bulk directory volume, mapped from ADTestEnvironment (Strategy Consulting)"
"carid","Cari","Drummelle","Cari Drummelle","Content Management Consulting","Content Management Consultant","AU","TRUE","stano","EMP124","Full-time","FALSE","Bulk","Bulk directory volume, mapped from ADTestEnvironment (Content Management Consulting)"
"alfonsp","Alfons","Parovszky","Alfons Parovszky","Content Management Consulting","Content Management Consultant","US","TRUE","stano","EMP125","Full-time","FALSE","Bulk","Bulk directory volume, mapped from ADTestEnvironment (Content Management Consulting)"
"matth","Matt","Hink","Matt Hink","Content Management Consulting","Content Management Consultant","US","TRUE","stano","EMP126","Full-time","FALSE","Bulk","Bulk directory volume, mapped from ADTestEnvironment (Content Management Consulting)"
"lorrain","Lorraine","Nay","Lorraine Nay","CRM Strategy","CRM Consultant","US","TRUE","syeda","EMP127","Full-time","FALSE","Bulk","Bulk directory volume, mapped from ADTestEnvironment (CRM Strategy)"
"ibent","Iben","Thorell","Iben Thorell","Strategy Consulting","Strategy Consultant","DE","TRUE","brads","EMP128","Full-time","FALSE","Bulk","Bulk directory volume, mapped from ADTestEnvironment (Strategy Consulting)"
"magnush","Magnus","Hedlund","Magnus Hedlund","Content Management Consulting","Business Process Manager","US","TRUE","stano","EMP129","Full-time","FALSE","Bulk","Bulk directory volume, mapped from ADTestEnvironment (Content Management Consulting)"
"erica","Erik","Andersen","Erik Andersen","Content Management Consulting","Content Management Consultant","JP","TRUE","stano","EMP130","Full-time","FALSE","Bulk","Bulk directory volume, mapped from ADTestEnvironment (Content Management Consulting)"
"corinnb","Corinna","Bolender","Corinna Bolender","Engineering Operations","Engineer","JP","TRUE","carolt","EMP131","Full-time","FALSE","Bulk","Bulk directory volume, mapped from ADTestEnvironment (Engineering Operations)"
"treyp","Trey","Pratt","Trey Pratt","Strategy Consulting","Strategy Consultant","CA","TRUE","cesarg","EMP132","Full-time","FALSE","Bulk","Bulk directory volume, mapped from ADTestEnvironment (Strategy Consulting)"
"johnk","John","Kane","John Kane","Sales","Salesperson","US","TRUE","joses","EMP133","Full-time","FALSE","Bulk","Bulk directory volume, mapped from ADTestEnvironment (Sales)"
"parnak","Parna","Khot","Parna Khot","Strategy Consulting","Strategy Consultant","AU","TRUE","aaronp","EMP134","Full-time","FALSE","Bulk","Bulk directory volume, mapped from ADTestEnvironment (Strategy Consulting)"
"kimr","Kim","Ralls","Kim Ralls","Strategy Consulting","Strategy Consultant","JP","TRUE","davidm","EMP135","Full-time","FALSE","Bulk","Bulk directory volume, mapped from ADTestEnvironment (Strategy Consulting)"
"jank","Jan","Kotas","Jan Kotas","Strategy Consulting","Strategy Consultant","GB","TRUE","brads","EMP136","Full-time","FALSE","Bulk","Bulk directory volume, mapped from ADTestEnvironment (Strategy Consulting)"
"thomash","Thomas","Hamborg","Thomas Hamborg","1099 Contractor","Project Manager","ES","TRUE","briang","EMP137","Contractor","FALSE","Bulk","Bulk directory volume, mapped from ADTestEnvironment (1099 Contractor)"
"lolans","Lolan","Song","Lolan Song","Strategy Consulting","Strategy Consultant","US","TRUE","davidm","EMP138","Full-time","FALSE","Bulk","Bulk directory volume, mapped from ADTestEnvironment (Strategy Consulting)"
"larsh","Lars","Hansson","Lars Hansson","Accounting","Accounting Manager","IE","TRUE","karimm","EMP139","Full-time","FALSE","Bulk","Bulk directory volume, mapped from ADTestEnvironment (Accounting)"
"jillf","Jill","Frank","Jill Frank","Accounting","Accountant","US","TRUE","karimm","EMP140","Full-time","FALSE","Bulk","Bulk directory volume, mapped from ADTestEnvironment (Accounting)"
"joell","Joel","Lachance","Joel Lachance","Accounting","Accountant","GB","TRUE","karimm","EMP141","Full-time","FALSE","Bulk","Bulk directory volume, mapped from ADTestEnvironment (Accounting)"
"johne","John","John","John John","Strategy Consulting","Strategy Consultant","ES","TRUE","aaronp","EMP142","Full-time","FALSE","Bulk","Bulk directory volume, mapped from ADTestEnvironment (Strategy Consulting)"
"junc","Jun","Cao","Jun Cao","Strategy Consulting","Strategy Consultant","US","TRUE","cesarg","EMP143","Full-time","FALSE","Bulk","Bulk directory volume, mapped from ADTestEnvironment (Strategy Consulting)"
"tonyw","Tony","Wang","Tony Wang","Strategy Consulting","Strategy Consultant","CA","TRUE","ellena","EMP144","Full-time","FALSE","Bulk","Bulk directory volume, mapped from ADTestEnvironment (Strategy Consulting)"
"kennetc","Kenneth","Cools","Kenneth Cools","Strategy Consulting","Strategy Consultant","US","TRUE","brads","EMP145","Full-time","FALSE","Bulk","Bulk directory volume, mapped from ADTestEnvironment (Strategy Consulting)"
"stevem","Steve","Masters","Steve Masters","Strategy Consulting","Strategy Consultant","ES","TRUE","cesarg","EMP146","Full-time","FALSE","Bulk","Bulk directory volume, mapped from ADTestEnvironment (Strategy Consulting)"
"lubork","Lubor","Kollar","Lubor Kollar","Strategy Consulting","Strategy Consultant","IE","TRUE","aaronp","EMP147","Full-time","FALSE","Bulk","Bulk directory volume, mapped from ADTestEnvironment (Strategy Consulting)"
"michael","Michael","Ludwig","Michael Ludwig","Strategy Consulting","Strategy Consultant","US","TRUE","cesarg","EMP148","Full-time","FALSE","Bulk","Bulk directory volume, mapped from ADTestEnvironment (Strategy Consulting)"
"michal1","Michael","Lund","Michael Lund","Strategy Consulting","Strategy Consultant","US","TRUE","ellena","EMP149","Full-time","FALSE","Bulk","Bulk directory volume, mapped from ADTestEnvironment (Strategy Consulting)"
"michaes","Michael","Sullivan","Michael Sullivan","Strategy Consulting","Strategy Consultant","JP","TRUE","brads","EMP150","Full-time","FALSE","Bulk","Bulk directory volume, mapped from ADTestEnvironment (Strategy Consulting)"
"rayc","Ray","Chow","Ray Chow","Strategy Consulting","Strategy Consultant","ES","TRUE","davidm","EMP151","Full-time","FALSE","Bulk","Bulk directory volume, mapped from ADTestEnvironment (Strategy Consulting)"
"dianeg","Diane","Glimp","Diane Glimp","Content Management Consulting","Content Management Consultant","ES","TRUE","stano","EMP152","Full-time","FALSE","Bulk","Bulk directory volume, mapped from ADTestEnvironment (Content Management Consulting)"
"kenm","Ken","Malcolmson","Ken Malcolmson","Strategy Consulting","Strategy Consultant","GB","TRUE","ellena","EMP153","Full-time","FALSE","Bulk","Bulk directory volume, mapped from ADTestEnvironment (Strategy Consulting)"
"manueam","Manueal","Machado","Manueal Machado","Project Management","Senior Project Manager","US","TRUE","barryj","EMP154","Full-time","FALSE","Bulk","Bulk directory volume, mapped from ADTestEnvironment (Project Management)"
"lucad","Luca","Dellamore","Luca Dellamore","Sales","Salesperson","DE","TRUE","aprils","EMP155","Full-time","FALSE","Bulk","Bulk directory volume, mapped from ADTestEnvironment (Sales)"
"ivos","Ivo","Salmre","Ivo Salmre","Project Management","Project Manager","CA","TRUE","andrewm","EMP156","Full-time","FALSE","Bulk","Bulk directory volume, mapped from ADTestEnvironment (Project Management)"
"howardg","Howard","Gonzalez","Howard Gonzalez","Sales","Salesperson","ES","TRUE","lenea","EMP157","Full-time","FALSE","Bulk","Bulk directory volume, mapped from ADTestEnvironment (Sales)"
"elizaba","Elizabeth","Andersen","Elizabeth Andersen","Sales","Salesperson","IE","TRUE","arthury","EMP158","Full-time","FALSE","Bulk","Bulk directory volume, mapped from ADTestEnvironment (Sales)"
"denisd","Denis","Dehenne","Denis Dehenne","Project Management","Project Manager","ES","TRUE","barryj","EMP159","Full-time","FALSE","Bulk","Bulk directory volume, mapped from ADTestEnvironment (Project Management)"
"davidw","David","Wright","David Wright","Sales","Salesperson","US","TRUE","davids","EMP160","Full-time","FALSE","Bulk","Bulk directory volume, mapped from ADTestEnvironment (Sales)"
"chrisb","Chris","Barry","Chris Barry","Project Management","Project Manager","CA","TRUE","miken","EMP161","Full-time","FALSE","Bulk","Bulk directory volume, mapped from ADTestEnvironment (Project Management)"
"aylak","Ayla","Kol","Ayla Kol","Project Management","Project Manager","US","TRUE","scottb","EMP162","Full-time","FALSE","Bulk","Bulk directory volume, mapped from ADTestEnvironment (Project Management)"
"alisal","Alisa","Lawyer","Alisa Lawyer","Project Management","Project Manager","ES","TRUE","scottb","EMP163","Full-time","FALSE","Bulk","Bulk directory volume, mapped from ADTestEnvironment (Project Management)"
"simonr","Simon","Rapier","Simon Rapier","Project Management","Senior Project Manager","GB","TRUE","scottb","EMP164","Full-time","FALSE","Bulk","Bulk directory volume, mapped from ADTestEnvironment (Project Management)"
"robb","Rob","Barker","Rob Barker","Project Management","Project Manager","IE","TRUE","chrisn","EMP165","Full-time","FALSE","Bulk","Bulk directory volume, mapped from ADTestEnvironment (Project Management)"
"hazema","Hazem","Abolrous","Hazem Abolrous","Sales","Salesperson","JP","TRUE","lenea","EMP166","Full-time","FALSE","Bulk","Bulk directory volume, mapped from ADTestEnvironment (Sales)"
"nedf","Ned","Friend","Ned Friend","Project Management","Project Manager","AU","TRUE","chrisn","EMP167","Full-time","FALSE","Bulk","Bulk directory volume, mapped from ADTestEnvironment (Project Management)"
"richart","Richard","Tupy","Richard Tupy","Project Management","Project Manager","JP","TRUE","andrewm","EMP168","Full-time","FALSE","Bulk","Bulk directory volume, mapped from ADTestEnvironment (Project Management)"
"donf","Don","Funk","Don Funk","Project Management","Project Manager","DE","TRUE","chrisn","EMP169","Full-time","FALSE","Bulk","Bulk directory volume, mapped from ADTestEnvironment (Project Management)"
"daven","Dave","Natsuhara","Dave Natsuhara","Project Management","Project Manager","IE","TRUE","chrisn","EMP170","Full-time","FALSE","Bulk","Bulk directory volume, mapped from ADTestEnvironment (Project Management)"
"christr","Christian","Rytt","Christian Rytt","Project Management","Project Manager","ES","TRUE","chrisn","EMP171","Full-time","FALSE","Bulk","Bulk directory volume, mapped from ADTestEnvironment (Project Management)"
"tedb","Ted","Bremer","Ted Bremer","Project Management","Business Process Manager","US","TRUE","chrisn","EMP172","Full-time","FALSE","Bulk","Bulk directory volume, mapped from ADTestEnvironment (Project Management)"
"seanp","Sean","Purcell","Sean Purcell","Project Management","Business Process Manager","AU","TRUE","chrisn","EMP173","Full-time","FALSE","Bulk","Bulk directory volume, mapped from ADTestEnvironment (Project Management)"
"raym","Ray","Mohrman","Ray Mohrman","Project Management","Senior Project Manager","US","TRUE","barryj","EMP174","Full-time","FALSE","Bulk","Bulk directory volume, mapped from ADTestEnvironment (Project Management)"
"miket","Mike","Tiano","Mike Tiano","Project Management","Business Process Manager","US","TRUE","chrisn","EMP175","Full-time","FALSE","Bulk","Bulk directory volume, mapped from ADTestEnvironment (Project Management)"
"margara","Margaret","Au","Margaret Au","Project Management","Business Process Manager","US","TRUE","chrisn","EMP176","Full-time","FALSE","Bulk","Bulk directory volume, mapped from ADTestEnvironment (Project Management)"
"jespera","Jesper","Aaberg","Jesper Aaberg","Project Management","Project Manager","JP","TRUE","chrisn","EMP177","Full-time","FALSE","Bulk","Bulk directory volume, mapped from ADTestEnvironment (Project Management)"
"dannio","Danni","Ortman","Danni Ortman","Project Management","Senior Project Manager","GB","TRUE","andrewm","EMP178","Full-time","FALSE","Bulk","Bulk directory volume, mapped from ADTestEnvironment (Project Management)"
"andyj","Andy","Jacobs","Andy Jacobs","Project Management","Senior Project Manager","GB","TRUE","scottb","EMP179","Full-time","FALSE","Bulk","Bulk directory volume, mapped from ADTestEnvironment (Project Management)"
"mchielw","Mchiel","Wories","Mchiel Wories","Operations","Procurement Manager","GB","TRUE","keithd","EMP180","Full-time","FALSE","Bulk","Bulk directory volume, mapped from ADTestEnvironment (Operations)"
"nuriag","Nuria","Gonzalez","Nuria Gonzalez","Project Management","Senior Project Manager","JP","TRUE","miken","EMP181","Full-time","FALSE","Bulk","Bulk directory volume, mapped from ADTestEnvironment (Project Management)"
"tyc","Ty","Carlson","Ty Carlson","Sales Engagement Management","Salesperson","JP","TRUE","lenea","EMP182","Full-time","FALSE","Bulk","Bulk directory volume, mapped from ADTestEnvironment (Sales Engagement Management)"
"cassieh","Cassie","Hicks","Cassie Hicks","Senior Management","Director of Client Services","CA","TRUE","adamb","EMP183","Full-time","FALSE","Bulk","Bulk directory volume, mapped from ADTestEnvironment (Senior Management)"
"seanc","Sean","Chai","Sean Chai","Senior Management","Director of Affiliate Marketing and Partnerships","JP","TRUE","mollyc","EMP184","Full-time","FALSE","Bulk","Bulk directory volume, mapped from ADTestEnvironment (Senior Management)"
"toddr","Todd","Rowe","Todd Rowe","Senior Management","Sr. Media Planner","US","TRUE","dianep","EMP185","Full-time","FALSE","Bulk","Bulk directory volume, mapped from ADTestEnvironment (Senior Management)"
"tail","Tai","Lee","Tai Lee","CVP of IT","President of Services","JP","TRUE","jeffh","EMP186","Full-time","FALSE","Bulk","Bulk directory volume, mapped from ADTestEnvironment (CVP of IT)"
"gregw","Greg","Winston","Greg Winston","Senior Management","President of Management","AU","TRUE","jeffh","EMP187","Full-time","FALSE","Bulk","Bulk directory volume, mapped from ADTestEnvironment (Senior Management)"
"sanjays","Sanjay","Shah","Sanjay Shah","Executive","Chief of Technical Strategy","JP","TRUE","danj","EMP188","Full-time","FALSE","Bulk","Bulk directory volume, mapped from ADTestEnvironment (Executive)"
"tonip","Toni","Poe","Toni Poe","Executive","Chief of Partnerships and Strategy","US","TRUE","danj","EMP189","Full-time","FALSE","Bulk","Bulk directory volume, mapped from ADTestEnvironment (Executive)"
"jimd","Jim","Daly","Jim Daly","Executive","CFO","GB","TRUE","danj","EMP190","Full-time","FALSE","Bulk","Bulk directory volume, mapped from ADTestEnvironment (Executive)"
"tomy","Tom","Youtsey","Tom Youtsey","Sales Engagement Management","Salesperson","CA","TRUE","davids","EMP191","Full-time","FALSE","Bulk","Bulk directory volume, mapped from ADTestEnvironment (Sales Engagement Management)"
"kerimh","Kerim","Hanif","Kerim Hanif","Sales Engagement Management","Salesperson","AU","TRUE","davids","EMP192","Full-time","FALSE","Bulk","Bulk directory volume, mapped from ADTestEnvironment (Sales Engagement Management)"
"jamier","Jamie","Reding","Jamie Reding","Sales Engagement Management","Salesperson","DE","TRUE","davids","EMP193","Full-time","FALSE","Bulk","Bulk directory volume, mapped from ADTestEnvironment (Sales Engagement Management)"
"yex","Ye","Xu","Ye Xu","Sales Engagement Management","Salesperson","US","TRUE","arthury","EMP194","Full-time","FALSE","Bulk","Bulk directory volume, mapped from ADTestEnvironment (Sales Engagement Management)"
"markoz","Marko","Zajc","Marko Zajc","Sales","Salesperson","US","TRUE","aprils","EMP195","Full-time","FALSE","Bulk","Bulk directory volume, mapped from ADTestEnvironment (Sales)"
"fabricc","Fabrice","Canel","Fabrice Canel","Sales Engagement Management","Salesperson","US","TRUE","arthury","EMP196","Full-time","FALSE","Bulk","Bulk directory volume, mapped from ADTestEnvironment (Sales Engagement Management)"
"pavels","Pavel","Simsa","Pavel Simsa","Sales","Salesperson","US","TRUE","davids","EMP197","Full-time","FALSE","Bulk","Bulk directory volume, mapped from ADTestEnvironment (Sales)"
"vernettp","Vernette","Price","Vernette Price","Sales Engagement Management","Salesperson","JP","TRUE","lenea","EMP198","Full-time","FALSE","Bulk","Bulk directory volume, mapped from ADTestEnvironment (Sales Engagement Management)"
"nates","Nate","Sun","Nate Sun","Sales Engagement Management","Salesperson","ES","TRUE","lenea","EMP199","Full-time","FALSE","Bulk","Bulk directory volume, mapped from ADTestEnvironment (Sales Engagement Management)"
"tinam","Tina","Makovec","Tina Makovec","Sales Engagement Management","Salesperson","JP","TRUE","aprils","EMP200","Full-time","FALSE","Bulk","Bulk directory volume, mapped from ADTestEnvironment (Sales Engagement Management)"
"neilo","Neil","Orint","Neil Orint","Sales Engagement Management","Salesperson","AU","TRUE","aprils","EMP201","Full-time","FALSE","Bulk","Bulk directory volume, mapped from ADTestEnvironment (Sales Engagement Management)"
"lukaa","Luka","Abrus","Luka Abrus","Sales Engagement Management","Salesperson","ES","TRUE","aprils","EMP202","Full-time","FALSE","Bulk","Bulk directory volume, mapped from ADTestEnvironment (Sales Engagement Management)"
"euang","Euan","Garden","Euan Garden","Sales Engagement Management","Salesperson","US","TRUE","aprils","EMP203","Full-time","FALSE","Bulk","Bulk directory volume, mapped from ADTestEnvironment (Sales Engagement Management)"
"eranh","Eran","Harel","Eran Harel","Sales","Salesperson","CA","TRUE","joses","EMP204","Full-time","FALSE","Bulk","Bulk directory volume, mapped from ADTestEnvironment (Sales)"
"michaeo","Michael","Ovesen","Michael Ovesen","Sales","Salesperson","DE","TRUE","joses","EMP205","Full-time","FALSE","Bulk","Bulk directory volume, mapped from ADTestEnvironment (Sales)"
"kima","Kim","Abercrombie","Kim Abercrombie","Sales","Salesperson","IE","TRUE","joses","EMP206","Full-time","FALSE","Bulk","Bulk directory volume, mapped from ADTestEnvironment (Sales)"
"roby","Rob","Young","Rob Young","Operations","IT Manager","US","TRUE","arturol","EMP207","Full-time","FALSE","Bulk","Bulk directory volume, mapped from ADTestEnvironment (Operations)"
"terrye","Terry","Earls","Terry Earls","Project Management","Project Manager","AU","TRUE","miken","EMP208","Full-time","FALSE","Bulk","Bulk directory volume, mapped from ADTestEnvironment (Project Management)"
"michaem","Michael","Mainer","Michael Mainer","Operations","Manager","DE","TRUE","erikac","EMP209","Full-time","FALSE","Bulk","Bulk directory volume, mapped from ADTestEnvironment (Operations)"
"svenb","Sven","Buck","Sven Buck","Sales Engagement Management","Salesperson","CA","TRUE","arthury","EMP210","Full-time","FALSE","Bulk","Bulk directory volume, mapped from ADTestEnvironment (Sales Engagement Management)"
"ericg","Eric","Gruber","Eric Gruber","Sales","Salesperson","US","TRUE","lenea","EMP211","Full-time","FALSE","Bulk","Bulk directory volume, mapped from ADTestEnvironment (Sales)"
"jellev","Jelle","Visser","Jelle Visser","Operations","Procurement Manager","AU","TRUE","keithd","EMP212","Full-time","FALSE","Bulk","Bulk directory volume, mapped from ADTestEnvironment (Operations)"
"erikg","Erik","Gubbels","Erik Gubbels","Sales","Salesperson","CA","TRUE","aprils","EMP213","Full-time","FALSE","Bulk","Bulk directory volume, mapped from ADTestEnvironment (Sales)"
"dominip","Dominik","Paiha","Dominik Paiha","Sales","Salesperson","CA","TRUE","joses","EMP214","Full-time","FALSE","Bulk","Bulk directory volume, mapped from ADTestEnvironment (Sales)"
"danh","Dan","Hough","Dan Hough","Sales","Salesperson","CA","TRUE","arthury","EMP215","Full-time","FALSE","Bulk","Bulk directory volume, mapped from ADTestEnvironment (Sales)"
"tinal","Tina","Lassila","Tina Lassila","Sales","Salesperson","US","TRUE","arthury","EMP216","Full-time","FALSE","Bulk","Bulk directory volume, mapped from ADTestEnvironment (Sales)"
"nunof","Nuno","Farinha","Nuno Farinha","Sales","Salesperson","GB","TRUE","davids","EMP217","Full-time","FALSE","Bulk","Bulk directory volume, mapped from ADTestEnvironment (Sales)"
"marus","Maru","Subrmani","Maru Subrmani","Sales","Salesperson","IE","TRUE","aprils","EMP218","Full-time","FALSE","Bulk","Bulk directory volume, mapped from ADTestEnvironment (Sales)"
"marcf","Marc","Faerber","Marc Faerber","Sales","Salesperson","US","TRUE","davids","EMP219","Full-time","FALSE","Bulk","Bulk directory volume, mapped from ADTestEnvironment (Sales)"
"karif","Kari","Furse","Kari Furse","Sales","Salesperson","GB","TRUE","joses","EMP220","Full-time","FALSE","Bulk","Bulk directory volume, mapped from ADTestEnvironment (Sales)"
"karenb","Karen","Berg","Karen Berg","Senior Management","Sr. Account Manager","CA","TRUE","juliani","EMP221","Full-time","FALSE","Bulk","Bulk directory volume, mapped from ADTestEnvironment (Senior Management)"
"iant","Ian","Tien","Ian Tien","Human Resources","HR Specialist","GB","TRUE","amya","EMP222","Full-time","FALSE","Bulk","Bulk directory volume, mapped from ADTestEnvironment (Human Resources)"
"scottg","Scott","Gode","Scott Gode","Sales","Salesperson","AU","TRUE","davids","EMP223","Full-time","FALSE","Bulk","Bulk directory volume, mapped from ADTestEnvironment (Sales)"
"ginab","Gina","Boyer","Gina Boyer","Sales","Salesperson","CA","TRUE","arthury","EMP224","Full-time","FALSE","Bulk","Bulk directory volume, mapped from ADTestEnvironment (Sales)"
"anneliz","Annelie","Zubar","Annelie Zubar","Sales","Salesperson","CA","TRUE","joses","EMP225","Full-time","FALSE","Bulk","Bulk directory volume, mapped from ADTestEnvironment (Sales)"
"davidb","David","Bossard","David Bossard","Sales","Salesperson","DE","TRUE","aprils","EMP226","Full-time","FALSE","Bulk","Bulk directory volume, mapped from ADTestEnvironment (Sales)"
"aliciat","Alicia","Thomber","Alicia Thomber","Sales","Salesperson","ES","TRUE","davids","EMP227","Full-time","FALSE","Bulk","Bulk directory volume, mapped from ADTestEnvironment (Sales)"
"marcelt","Marcelo","Truffat","Marcelo Truffat","Sales","Salesperson","AU","TRUE","joses","EMP228","Full-time","FALSE","Bulk","Bulk directory volume, mapped from ADTestEnvironment (Sales)"
"tonym","Tony","Madigan","Tony Madigan","Engineering Operations","Senior Engineer","CA","TRUE","carolt","EMP229","Full-time","FALSE","Bulk","Bulk directory volume, mapped from ADTestEnvironment (Engineering Operations)"
"sunilk","Sunil","Koduri","Sunil Koduri","Engineering Operations","Senior Engineer","US","TRUE","carolt","EMP230","Full-time","FALSE","Bulk","Bulk directory volume, mapped from ADTestEnvironment (Engineering Operations)"
"simonp","Simon","Pearson","Simon Pearson","Engineering Operations","Senior Engineer","GB","TRUE","carolt","EMP231","Full-time","FALSE","Bulk","Bulk directory volume, mapped from ADTestEnvironment (Engineering Operations)"
"pauld","Paul","Duffy","Paul Duffy","Engineering Operations","Senior Engineer","CA","TRUE","carolt","EMP232","Full-time","FALSE","Bulk","Bulk directory volume, mapped from ADTestEnvironment (Engineering Operations)"
"katet","Kate","Taneyhill","Kate Taneyhill","Engineering Operations","Senior Engineer","IE","TRUE","carolt","EMP233","Full-time","FALSE","Bulk","Bulk directory volume, mapped from ADTestEnvironment (Engineering Operations)"
"chrisg","Chris","Gray","Chris Gray","Engineering Operations","Senior Engineer","IE","TRUE","carolt","EMP234","Full-time","FALSE","Bulk","Bulk directory volume, mapped from ADTestEnvironment (Engineering Operations)"
"stephed","Stephen","Deming","Stephen Deming","Engineering Operations","Engineer","DE","TRUE","carolt","EMP235","Full-time","FALSE","Bulk","Bulk directory volume, mapped from ADTestEnvironment (Engineering Operations)"
"olivief","Olivier","Fontana","Olivier Fontana","Engineering Operations","Engineer","DE","TRUE","carolt","EMP236","Full-time","FALSE","Bulk","Bulk directory volume, mapped from ADTestEnvironment (Engineering Operations)"
"michelf","Michelle","Fredette","Michelle Fredette","Engineering Operations","Engineer","US","TRUE","carolt","EMP237","Full-time","FALSE","Bulk","Bulk directory volume, mapped from ADTestEnvironment (Engineering Operations)"
"arleneh","Arlene","Huff","Arlene Huff","Strategy Consulting","Strategy Consultant","GB","TRUE","jennim","EMP238","Full-time","FALSE","Bulk","Bulk directory volume, mapped from ADTestEnvironment (Strategy Consulting)"
"pieterw","Pieter","Wycoff","Pieter Wycoff","Marketing","Marketing Specialist","DE","TRUE","kellyk","EMP239","Full-time","FALSE","Bulk","Bulk directory volume, mapped from ADTestEnvironment (Marketing)"
"erwinz","Erwin","Zischka","Erwin Zischka","Engineering Operations","Engineer","ES","TRUE","carolt","EMP240","Full-time","FALSE","Bulk","Bulk directory volume, mapped from ADTestEnvironment (Engineering Operations)"
"lukask","Lukas","Keller","Lukas Keller","Operations","Manager","IE","TRUE","erikac","EMP241","Full-time","FALSE","Bulk","Bulk directory volume, mapped from ADTestEnvironment (Operations)"
"kene","Ken","Ewert","Ken Ewert","Operations","Manager","ES","TRUE","erikac","EMP242","Full-time","FALSE","Bulk","Bulk directory volume, mapped from ADTestEnvironment (Operations)"
"justint","Justin","Thorp","Justin Thorp","Operations","Manager","DE","TRUE","erikac","EMP243","Full-time","FALSE","Bulk","Bulk directory volume, mapped from ADTestEnvironment (Operations)"
"jong","Jon","Grande","Jon Grande","Operations","Manager","US","TRUE","erikac","EMP244","Full-time","FALSE","Bulk","Bulk directory volume, mapped from ADTestEnvironment (Operations)"
"job","Jo","Berry","Jo Berry","Operations","Manager","DE","TRUE","bens","EMP245","Full-time","FALSE","Bulk","Bulk directory volume, mapped from ADTestEnvironment (Operations)"
"hansg","Hans","Gufler","Hans Gufler","Operations","Manager","GB","TRUE","bens","EMP246","Full-time","FALSE","Bulk","Bulk directory volume, mapped from ADTestEnvironment (Operations)"
"davidb1","David","Bradley","David Bradley","Operations","Manager","DE","TRUE","bens","EMP247","Full-time","FALSE","Bulk","Bulk directory volume, mapped from ADTestEnvironment (Operations)"
"maried","Marie","Dubois","Marie Dubois","Operations","IT Manager","DE","TRUE","arturol","EMP248","Full-time","FALSE","Bulk","Bulk directory volume, mapped from ADTestEnvironment (Operations)"
"kevink","Kevin","Kennedy","Kevin Kennedy","Operations","IT Manager","DE","TRUE","arturol","EMP249","Full-time","FALSE","Bulk","Bulk directory volume, mapped from ADTestEnvironment (Operations)"
"kaia","Kai","Axford","Kai Axford","Operations","IT Manager","US","TRUE","arturol","EMP250","Full-time","FALSE","Bulk","Bulk directory volume, mapped from ADTestEnvironment (Operations)"
"manishc","Manish","Chopra","Manish Chopra","Sales","Salesperson","GB","TRUE","lenea","EMP251","Full-time","FALSE","Bulk","Bulk directory volume, mapped from ADTestEnvironment (Sales)"
"sunilu","Sunil","Uppal","Sunil Uppal","Marketing","Public Relations Specialist","ES","TRUE","kellyk","EMP252","Full-time","FALSE","Bulk","Bulk directory volume, mapped from ADTestEnvironment (Marketing)"
"luisb","Luis","Bonifaz","Luis Bonifaz","Sales","Salesperson","AU","TRUE","arthury","EMP253","Full-time","FALSE","Bulk","Bulk directory volume, mapped from ADTestEnvironment (Sales)"
"kevinv","Kevin","Verboort","Kevin Verboort","Sales","Salesperson","JP","TRUE","arthury","EMP254","Full-time","FALSE","Bulk","Bulk directory volume, mapped from ADTestEnvironment (Sales)"
"christj","Christian","Jene","Christian Jene","Marketing","Marketing Specialist","GB","TRUE","kellyk","EMP255","Full-time","FALSE","Bulk","Bulk directory volume, mapped from ADTestEnvironment (Marketing)"
"felipem","Felipe","Martins","Felipe Martins","Marketing","Marketing Specialist","AU","TRUE","kellyk","EMP256","Full-time","FALSE","Bulk","Bulk directory volume, mapped from ADTestEnvironment (Marketing)"
"johnev","John","Evans","John Evans","Marketing","Marketing Specialist","CA","TRUE","kellyk","EMP257","Full-time","FALSE","Bulk","Bulk directory volume, mapped from ADTestEnvironment (Marketing)"
"heinrif","Heinrich","Fischer","Heinrich Fischer","Operations","IT Manager","IE","TRUE","arturol","EMP258","Full-time","FALSE","Bulk","Bulk directory volume, mapped from ADTestEnvironment (Operations)"
"kirkj","Kirk","Nason","Kirk Nason","Sales","Salesperson","US","TRUE","joses","EMP259","Full-time","FALSE","Bulk","Bulk directory volume, mapped from ADTestEnvironment (Sales)"
"brianc","Brian","Cox","Brian Cox","Operations","Procurement Manager","IE","TRUE","keithd","EMP260","Full-time","FALSE","Bulk","Bulk directory volume, mapped from ADTestEnvironment (Operations)"
"patricd","Patricia","Doyle","Patricia Doyle","Sales","Salesperson","ES","TRUE","lenea","EMP261","Full-time","FALSE","Bulk","Bulk directory volume, mapped from ADTestEnvironment (Sales)"
"rong","Ron","Gabel","Ron Gabel","Sales","Salesperson","GB","TRUE","aprils","EMP262","Full-time","FALSE","Bulk","Bulk directory volume, mapped from ADTestEnvironment (Sales)"
"shmuely","Shmuel","Yair","Shmuel Yair","Sales","Salesperson","GB","TRUE","davids","EMP263","Full-time","FALSE","Bulk","Bulk directory volume, mapped from ADTestEnvironment (Sales)"
"phyllih","Phyllis","Harris","Phyllis Harris","Marketing","Marketing Specialist","IE","TRUE","kellyk","EMP264","Full-time","FALSE","Bulk","Bulk directory volume, mapped from ADTestEnvironment (Marketing)"
"jennyl","Jenny","Lysaker","Jenny Lysaker","Sales","Salesperson","IE","TRUE","aprils","EMP265","Full-time","FALSE","Bulk","Bulk directory volume, mapped from ADTestEnvironment (Sales)"
"jordaom","Jordao","Moreno","Jordao Moreno","Marketing","Marketing Specialist","JP","TRUE","kellyk","EMP266","Full-time","FALSE","Bulk","Bulk directory volume, mapped from ADTestEnvironment (Marketing)"
"joshe","Josh","Edwards","Josh Edwards","Sales","Salesperson","US","TRUE","lenea","EMP267","Full-time","FALSE","Bulk","Bulk directory volume, mapped from ADTestEnvironment (Sales)"
"chrisj","Chris","Johnson","Chris Johnson","Marketing","Marketing Specialist","US","TRUE","kellyk","EMP268","Full-time","FALSE","Bulk","Bulk directory volume, mapped from ADTestEnvironment (Marketing)"
"krisj","Kris","Johnsen","Kris Johnsen","Operations","IT Manager","AU","TRUE","arturol","EMP269","Full-time","FALSE","Bulk","Bulk directory volume, mapped from ADTestEnvironment (Operations)"
"chrisjoh","Chris","Johnson","Chris M. Johnson","Accounting","Accountant","AU","TRUE","karimm","EMP270","Full-time","FALSE","Bulk","Bulk directory volume, mapped from ADTestEnvironment (Accounting)"
"chrisjohn","Chris","Johnson","Chris F. Johnson","Engineering Operations","Senior Engineer","ES","TRUE","carolt","EMP271","Full-time","FALSE","Bulk","Bulk directory volume, mapped from ADTestEnvironment (Engineering Operations)"
"chrisjohns","Chris","Johnson","Chris A. Johnson","Sales Engagement Management","Salesperson","CA","TRUE","aprils","EMP272","Full-time","FALSE","Bulk","Bulk directory volume, mapped from ADTestEnvironment (Sales Engagement Management)"
"sarahc","Sarah","Chen","Sarah Chen","Engineering","Software Engineering Intern","JP","TRUE","christk","INT001","Intern","FALSE","Bulk","Bulk directory volume, mapped from ADTestEnvironment (Engineering)"
"jamesw2","James","Wilson","James Wilson","Marketing","Marketing Intern","JP","TRUE","kellyk","INT002","Intern","FALSE","Bulk","Bulk directory volume, mapped from ADTestEnvironment (Marketing)"
"emilyr","Emily","Rodriguez","Emily Rodriguez","Human Resources","HR Intern","US","TRUE","amya","INT003","Intern","FALSE","Bulk","Bulk directory volume, mapped from ADTestEnvironment (Human Resources)"
"robertt","Robert","Thompson","Robert Thompson","Sales","Former Sales Manager","JP","FALSE","danp","EMP273","Full-time","FALSE","Bulk","Bulk directory volume, mapped from ADTestEnvironment (Sales)"
"michaeld","Michael","Davis","Michael Davis","Engineering","Former Software Engineer","US","FALSE","christk","EMP274","Full-time","FALSE","Bulk","Bulk directory volume, mapped from ADTestEnvironment (Engineering)"
"jenniferw","Jennifer","Williams","Jennifer Williams","Marketing","Former Marketing Coordinator","JP","FALSE","kellyk","EMP275","Full-time","FALSE","Bulk","Bulk directory volume, mapped from ADTestEnvironment (Marketing)"
"davidb2","David","Brown","David Brown","Accounting","Former Junior Accountant","US","FALSE","karimm","EMP276","Contractor","FALSE","Bulk","Bulk directory volume, mapped from ADTestEnvironment (Accounting)"
"lisamart","Lisa","Martinez","Lisa Martinez","IT Support","Former Help Desk Technician","GB","FALSE","arturol","EMP277","Full-time","FALSE","Bulk","Bulk directory volume, mapped from ADTestEnvironment (IT Support)"
"kevina","Kevin","Anderson","Kevin Anderson","Sales","Sales Representative","JP","TRUE","danp","EMP278","Full-time","FALSE","Bulk","Bulk directory volume, mapped from ADTestEnvironment (Sales)"
"susant","Susan","Taylor","Susan Taylor","Engineering","QA Engineer","US","TRUE","christk","EMP279","Full-time","FALSE","Bulk","Bulk directory volume, mapped from ADTestEnvironment (Engineering)"
"markj","Mark","Johnson","Mark Johnson","Project Management","Project Coordinator","US","TRUE","alans","EMP280","Full-time","FALSE","Bulk","Bulk directory volume, mapped from ADTestEnvironment (Project Management)"
"nancyw","Nancy","White","Nancy White","Human Resources","HR Specialist","CA","TRUE","amya","EMP281","Full-time","FALSE","Bulk","Bulk directory volume, mapped from ADTestEnvironment (Human Resources)"
"thomasw","Thomas","Wilson","Thomas Wilson","Operations","Former Operations Manager","US","FALSE","jeffh","EMP282","Full-time","FALSE","Bulk","Bulk directory volume, mapped from ADTestEnvironment (Operations)"
"patriciag","Patricia","Garcia","Patricia Garcia","Engineering","DevOps Engineer","AU","TRUE","christk","EMP283","Full-time","FALSE","Bulk","Bulk directory volume, mapped from ADTestEnvironment (Engineering)"
"jamesl","James","Lee","James Lee","Accounting","Former Senior Accountant","AU","FALSE","karimm","EMP284","Full-time","FALSE","Bulk","Bulk directory volume, mapped from ADTestEnvironment (Accounting)"
"mariar","Maria","Rodriguez","Maria Rodriguez","Marketing","Marketing Analyst","IE","TRUE","kellyk","EMP285","Contractor","FALSE","Bulk","Bulk directory volume, mapped from ADTestEnvironment (Marketing)"
"christopherm","Christopher","Miller","Christopher Miller","IT Support","Former Network Administrator","JP","FALSE","arturol","EMP286","Full-time","FALSE","Bulk","Bulk directory volume, mapped from ADTestEnvironment (IT Support)"
"michellt","Michelle","Thompson","Michelle Thompson","Sales","Account Executive","US","TRUE","danp","EMP287","Full-time","FALSE","Bulk","Bulk directory volume, mapped from ADTestEnvironment (Sales)"
"josen","José","Niño","José Niño","Engineering","Senior Network Engineer","JP","TRUE","christk","EMP288","Full-time","FALSE","Bulk","Bulk directory volume, mapped from ADTestEnvironment (Engineering)"
"bjorna","Björn","Åberg","Björn Åberg","Operations","IT Systems Administrator","US","TRUE","arturol","EMP289","Full-time","FALSE","Bulk","Bulk directory volume, mapped from ADTestEnvironment (Operations)"
"francoisl","François","Lefèvre","François Lefèvre","Accounting","Financial Analyst","GB","TRUE","karimm","EMP290","Full-time","FALSE","Bulk","Bulk directory volume, mapped from ADTestEnvironment (Accounting)"
"reneed","Renée","Dubois","Renée Dubois","Marketing","Marketing Manager","JP","TRUE","dianep","EMP291","Full-time","FALSE","Bulk","Bulk directory volume, mapped from ADTestEnvironment (Marketing)"
"zoem","Zoë","Müller","Zoë Müller","Human Resources","HR Specialist","US","TRUE","garthf","EMP292","Full-time","FALSE","Bulk","Bulk directory volume, mapped from ADTestEnvironment (Human Resources)"
"larss","Lars","Sørensen","Lars Sørensen","Sales","Account Executive","CA","TRUE","mollyc","EMP293","Full-time","FALSE","Bulk","Bulk directory volume, mapped from ADTestEnvironment (Sales)"
"junyuj","俊誉","姜","姜　俊誉","Engineering","Site Reliability Engineer","AU","TRUE","christk","EMP294","Full-time","FALSE","Bulk","Bulk directory volume, mapped from ADTestEnvironment (Engineering)"
"taroy","太郎","𠮷田","𠮷田 太郎","Engineering","Build Engineer","DE","TRUE","christk","EMP295","Full-time","FALSE","Bulk","Bulk directory volume, mapped from ADTestEnvironment (Engineering)"
"dmitriyv","Дмитрий","Волков","Дмитрий Волков","Operations","Infrastructure Engineer","IE","TRUE","arturol","EMP296","Full-time","FALSE","Bulk","Bulk directory volume, mapped from ADTestEnvironment (Operations)"
"giorgosp","Γιώργος","Παπαδόπουλος","Γιώργος Παπαδόπουλος","Accounting","Financial Analyst","US","TRUE","karimm","EMP297","Full-time","FALSE","Bulk","Bulk directory volume, mapped from ADTestEnvironment (Accounting)"
"mohammeda","محمد","الأحمد","محمد الأحمد","Operations","Network Engineer","JP","TRUE","arturol","EMP298","Full-time","FALSE","Bulk","Bulk directory volume, mapped from ADTestEnvironment (Operations)"
"josem","José","Marchetti","José Marchetti","Marketing","Campaign Manager","US","TRUE","dianep","EMP299","Full-time","FALSE","Bulk","Bulk directory volume, mapped from ADTestEnvironment (Marketing)"
"irmaki","Irmak","Işık","Irmak Işık","Human Resources","HR Advisor","US","TRUE","garthf","EMP300","Full-time","FALSE","Bulk","Bulk directory volume, mapped from ADTestEnvironment (Human Resources)"
"jurgenw","Jürgen","Weiß","Jürgen Weiß","Sales","Account Executive","ES","TRUE","mollyc","EMP301","Full-time","FALSE","Bulk","Bulk directory volume, mapped from ADTestEnvironment (Sales)"
"sunitac","सुनीता","चौधरी","सुनीता चौधरी","Engineering","Data Engineer","US","TRUE","christk","EMP302","Full-time","FALSE","Bulk","Bulk directory volume, mapped from ADTestEnvironment (Engineering)"
"liw","丽","王","王　丽","Marketing","Marketing Specialist","US","TRUE","dianep","EMP303","Full-time","FALSE","Bulk","Bulk directory volume, mapped from ADTestEnvironment (Marketing)"
"yukon","優子","中村","中村 優子","Accounting","Accounts Payable Clerk","JP","TRUE","karimm","EMP304","Full-time","FALSE","Bulk","Bulk directory volume, mapped from ADTestEnvironment (Accounting)"
"olgas","Ольга","Соколова","Ольга Соколова","Human Resources","Recruiter","US","TRUE","garthf","EMP305","Full-time","FALSE","Bulk","Bulk directory volume, mapped from ADTestEnvironment (Human Resources)"
"nikosd","Νίκος","Δημητρίου","Νίκος Δημητρίου","Operations","Facilities Coordinator","IE","TRUE","arturol","EMP306","Full-time","FALSE","Bulk","Bulk directory volume, mapped from ADTestEnvironment (Operations)"
"fatimah","فاطمة","حداد","فاطمة حداد","Sales","Sales Engineer","IE","TRUE","mollyc","EMP307","Full-time","FALSE","Bulk","Bulk directory volume, mapped from ADTestEnvironment (Sales)"
"amiliag","Ämilia","Groß","Ämilia Groß","Engineering","Quality Engineer","ES","TRUE","christk","EMP308","Full-time","FALSE","Bulk","Bulk directory volume, mapped from ADTestEnvironment (Engineering)"
