"Department","DistinguishedName","Enabled","GivenName","mail","Manager","Name","ObjectClass","ObjectGUID","OfficePhone","SamAccountName","SID","sn","Surname","Title","UserPrincipalName","Office","EmployeeID","Description","StreetAddress","City","State","PostalCode","MobilePhone","EmployeeType","ServiceType","ServicePurpose","Application","Environment","ManagedBy"
"IT","CN=SQL Database Engine Service","True","SQL","sqlengine","CN=Christine Koch","SQL Database Engine Service","user","","","svc-sqlengine","","Service","Service","SQL Database Engine Service Account","svc-sqlengine","Seattle - Engineering","SVC001","Service account for SQL Server Database Engine operations","456 Innovation Drive","Seattle","WA","98102","","Service","SQL","Database Engine","SQL Server","Production","CN=Christine Koch"
"IT","CN=SQL Server Agent Service","True","SQL","sqlagent","CN=Christine Koch","SQL Server Agent Service","user","","","svc-sqlagent","","Service","Service","SQL Server Agent Service Account","svc-sqlagent","Seattle - Engineering","SVC002","Service account for SQL Server Agent job execution and scheduling","456 Innovation Drive","Seattle","WA","98102","","Service","SQL","SQL Agent","SQL Server","Production","CN=Christine Koch"
"IT","CN=SQL Reporting Services","True","SQL","sqlrs","CN=Christine Koch","SQL Reporting Services","user","","","svc-sqlrs","","Service","Service","SQL Reporting Services Account","svc-sqlrs","Seattle - Engineering","SVC003","Service account for SQL Server Reporting Services","456 Innovation Drive","Seattle","WA","98102","","Service","SQL","Reporting Services","SQL Server","Production","CN=Christine Koch"
"IT","CN=SQL Analysis Services","True","SQL","sqlas","CN=Christine Koch","SQL Analysis Services","user","","","svc-sqlas","","Service","Service","SQL Analysis Services Account","svc-sqlas","Seattle - Engineering","SVC004","Service account for SQL Server Analysis Services","456 Innovation Drive","Seattle","WA","98102","","Service","SQL","Analysis Services","SQL Server","Production","CN=Christine Koch"
"IT","CN=SQL Integration Services","True","SQL","sqlis","CN=Christine Koch","SQL Integration Services","user","","","svc-sqlis","","Service","Service","SQL Integration Services Account","svc-sqlis","Seattle - Engineering","SVC005","Service account for SQL Server Integration Services ETL operations","456 Innovation Drive","Seattle","WA","98102","","Service","SQL","Integration Services","SQL Server","Production","CN=Christine Koch"
"IT","CN=Backup Service Account","True","Backup","backup","CN=Arturo Lopez","Backup Service Account","user","","","svc-backup","","Service","Service","Enterprise Backup Service Account","svc-backup","Seattle - Engineering","SVC006","Service account for enterprise backup operations and data protection","456 Innovation Drive","Seattle","WA","98102","","Service","Backup","Data Protection","Veeam Backup","Production","CN=Arturo Lopez"
"IT","CN=Backup Agent Service","True","Backup","backupagent","CN=Arturo Lopez","Backup Agent Service","user","","","svc-backupagent","","Service","Service","Backup Agent Service Account","svc-backupagent","Seattle - Engineering","SVC007","Service account for backup agent processes on client machines","456 Innovation Drive","Seattle","WA","98102","","Service","Backup","Agent Operations","Veeam Agent","Production","CN=Arturo Lopez"
"IT","CN=Backup Repository Service","True","Backup","backuprepo","CN=Arturo Lopez","Backup Repository Service","user","","","svc-backuprepo","","Service","Service","Backup Repository Service Account","svc-backuprepo","Seattle - Engineering","SVC008","Service account for backup repository management and storage operations","456 Innovation Drive","Seattle","WA","98102","","Service","Backup","Repository Management","Backup Repository","Production","CN=Arturo Lopez"
"IT","CN=CRM Application Service","True","CRM","crmapp","CN=David Zazzo","CRM Application Service","user","","","svc-crmapp","","Service","Service","CRM Application Service Account","svc-crmapp","Seattle - Engineering","SVC009","Service account for Customer Relationship Management application","456 Innovation Drive","Seattle","WA","98102","","Service","Application","CRM Operations","Dynamics CRM","Production","CN=David Zazzo"
"IT","CN=ERP Application Service","True","ERP","erpapp","CN=David Zazzo","ERP Application Service","user","","","svc-erpapp","","Service","Service","ERP Application Service Account","svc-erpapp","Seattle - Engineering","SVC010","Service account for Enterprise Resource Planning application","456 Innovation Drive","Seattle","WA","98102","","Service","Application","ERP Operations","SAP ERP","Production","CN=David Zazzo"
"IT","CN=SharePoint Application Pool","True","SharePoint","spapp","CN=Carol Troup","SharePoint Application Pool","user","","","svc-spapp","","Service","Service","SharePoint Application Pool Account","svc-spapp","Seattle - Engineering","SVC011","Service account for SharePoint application pool operations","456 Innovation Drive","Seattle","WA","98102","","Service","Application","Application Pool","SharePoint","Production","CN=Carol Troup"
"IT","CN=SharePoint Search Service","True","SharePoint","spsearch","CN=Carol Troup","SharePoint Search Service","user","","","svc-spsearch","","Service","Service","SharePoint Search Service Account","svc-spsearch","Seattle - Engineering","SVC012","Service account for SharePoint search crawling and indexing","456 Innovation Drive","Seattle","WA","98102","","Service","Application","Search Operations","SharePoint","Production","CN=Carol Troup"
"IT","CN=Web Application Service","True","Web","webapp","CN=Kelly Weadock","Web Application Service","user","","","svc-webapp","","Service","Service","Web Application Service Account","svc-webapp","Seattle - Engineering","SVC013","Service account for corporate web applications and API services","456 Innovation Drive","Seattle","WA","98102","","Service","Application","Web Services","IIS Web Apps","Production","CN=Kelly Weadock"
"IT","CN=API Gateway Service","True","API","apigateway","CN=Kelly Weadock","API Gateway Service","user","","","svc-apigateway","","Service","Service","API Gateway Service Account","svc-apigateway","Seattle - Engineering","SVC014","Service account for API gateway and microservices orchestration","456 Innovation Drive","Seattle","WA","98102","","Service","Application","API Management","Kong Gateway","Production","CN=Kelly Weadock"
"IT","CN=Monitoring Service Account","True","Monitor","monitor","CN=Arturo Lopez","Monitoring Service Account","user","","","svc-monitor","","Service","Service","Infrastructure Monitoring Service","svc-monitor","Seattle - Engineering","SVC015","Service account for infrastructure monitoring and alerting systems","456 Innovation Drive","Seattle","WA","98102","","Service","Application","Monitoring","SCOM/PRTG","Production","CN=Arturo Lopez"
"IT","CN=Log Collection Service","True","Log","logcollect","CN=Arturo Lopez","Log Collection Service","user","","","svc-logcollect","","Service","Service","Log Collection Service Account","svc-logcollect","Seattle - Engineering","SVC016","Service account for centralized log collection and analysis","456 Innovation Drive","Seattle","WA","98102","","Service","Application","Log Management","Splunk","Production","CN=Arturo Lopez"
"IT","CN=Test SQL Engine Service","True","SQL","sqlenginets","CN=Christine Koch","Test SQL Engine Service","user","","","svc-sqlenginets","","Service","Service","Test SQL Database Engine Service","svc-sqlenginets","Seattle - Engineering","SVC017","Service account for test environment SQL Server Database Engine","456 Innovation Drive","Seattle","WA","98102","","Service","SQL","Database Engine","SQL Server","Testing","CN=Christine Koch"
"IT","CN=Dev Backup Service","True","Backup","backupdev","CN=Arturo Lopez","Dev Backup Service","user","","","svc-backupdev","","Service","Service","Development Backup Service","svc-backupdev","Seattle - Engineering","SVC018","Service account for development environment backup operations","456 Innovation Drive","Seattle","WA","98102","","Service","Backup","Data Protection","Dev Backup","Development","CN=Arturo Lopez"
"IT","CN=Dev Application Service","True","App","appdev","CN=David Zazzo","Dev Application Service","user","","","svc-appdev","","Service","Service","Development Application Service","svc-appdev","Seattle - Engineering","SVC019","Service account for development application testing and deployment","456 Innovation Drive","Seattle","WA","98102","","Service","Application","Development","Dev Apps","Development","CN=David Zazzo"
"IT","CN=File Share Service","True","FileShare","fileshare","CN=Carol Troup","File Share Service","user","","","svc-fileshare","","Service","Service","File Share Service Account","svc-fileshare","Seattle - Engineering","SVC020","Service account for enterprise file sharing and collaboration","456 Innovation Drive","Seattle","WA","98102","","Service","Application","File Services","Windows File Server","Production","CN=Carol Troup"
"IT","CN=Print Spooler Service","True","Print","printspooler","CN=Keith Dishmo","Print Spooler Service","user","","","svc-printspooler","","Service","Service","Print Spooler Service Account","svc-printspooler","Seattle - Engineering","SVC021","Service account for enterprise print server and spooler operations","456 Innovation Drive","Seattle","WA","98102","","Service","Application","Print Services","Windows Print Server","Production","CN=Keith Dishmo"
"IT","CN=Email Archive Service","True","Email","emailarchive","CN=Ben Spain","Email Archive Service","user","","","svc-emailarchive","","Service","Service","Email Archiving Service Account","svc-emailarchive","Seattle - Engineering","SVC022","Service account for email archiving and compliance operations","456 Innovation Drive","Seattle","WA","98102","","Service","Application","Email Archive","Exchange Archive","Production","CN=Ben Spain"
"IT","CN=Antivirus Service Account","True","AV","antivirus","CN=Keith Dishmo","Antivirus Service Account","user","","","svc-antivirus","","Service","Service","Enterprise Antivirus Service","svc-antivirus","Seattle - Engineering","SVC023","Service account for enterprise antivirus management and updates","456 Innovation Drive","Seattle","WA","98102","","Service","Application","Security","McAfee ePO","Production","CN=Keith Dishmo"
"IT","CN=Patch Management Service","True","Patch","patchmgmt","CN=Keith Dishmo","Patch Management Service","user","","","svc-patchmgmt","","Service","Service","Patch Management Service Account","svc-patchmgmt","Seattle - Engineering","SVC024","Service account for enterprise patch management and deployment","456 Innovation Drive","Seattle","WA","98102","","Service","Application","Update Management","WSUS","Production","CN=Keith Dishmo"
"IT","CN=Asset Management Service","True","Asset","assetmgmt","CN=Erika Cheley","Asset Management Service","user","","","svc-assetmgmt","","Service","Service","Asset Management Service Account","svc-assetmgmt","Seattle - Engineering","SVC025","Service account for IT asset tracking and inventory management","456 Innovation Drive","Seattle","WA","98102","","Service","Application","Asset Tracking","SCCM","Production","CN=Erika Cheley"
